:020000040800F2
:10000000C0870020A10100089F1E0008291B0008CE
:100010009D1E0008710300081B210008000000005D
:10002000000000000000000000000000A31E000807
:100030007303000800000000A11E0008A51E0008B0
:10004000BB010008BB010008BB010008BB010008A0
:10005000BB010008BB010008BB010008BB01000890
:10006000BB010008BB010008BB010008BB01000880
:10007000BB010008BB010008BB010008BB01000870
:10008000BB010008BB010008BB010008BB01000860
:10009000BB010008BB010008BB010008BB01000850
:1000A000BB010008BB010008BB010008BB01000840
:1000B000BB010008BB010008BB010008BB01000830
:1000C000BB010008BB010008BB010008BB01000820
:1000D000BB010008BB010008BB010008BB01000810
:1000E000BB010008BB010008BB010008BB01000800
:1000F000BB010008BB010008BB010008BB010008F0
:10010000BB010008BB010008BB010008BB010008DF
:10011000BB010008BB010008BB010008BB010008CF
:10012000BB010008BB010008BB010008BB010008BF
:10013000BB0100080D040008BB010008BB0100085A
:10014000BB010008BB010008BB010008BB0100089F
:10015000BB010008BB010008BB010008BB0100088F
:10016000BB010008BB010008BB010008BB0100087F
:10017000BB010008BB010008BB0100080000000033
:10018000BB010008BB010008DFF810D000F0DEF86A
:100190000048004755490008AFF30080C0870020A1
:1001A0000648804706480047FEE7FEE7FEE7FEE711
:1001B000FEE7FEE7FEE7FEE7FEE7FEE73D1F00087D
:1001C000890100082DE9F05F0546002092469B4614
:1001D00088460646814640241BE02846414647465D
:1001E000224600F0A2F853465A46C01A914110D355
:1001F00011461846224600F089F82D1A67EB0108CF
:100200004F4622460120002100F080F817EB00093C
:100210004E41201EA4F10104DFDC484631462A4647
:100220004346BDE8F09F00000048704774D40008C2
:100230000649074A0868504343F2390210440860EF
:10024000400870470149086070470000080100201D
:100250006D4EC64110B5431A934209D283188818CF
:1002600003E010F8011D03F8011D521EF9D210BD64
:1002700040EA01039B0703D009E008C9121F08C028
:10028000042AFAD203E011F8013B00F8013B521EA8
:10029000F9D210BDD2B201E000F8012B491EFBD209
:1002A00070470022F6E710B513460A460446194681
:1002B000FFF7F0FF204610BD421C10F8011B00297B
:1002C000FBD1801A704730B504460020034600E099
:1002D0005B1C934203D2E05CCD5C401BF8D030BD88
:1002E00030B50B46014600202022012409E021FA06
:1002F00002F59D4205D303FA02F5491B04FA02F503
:100300002844151EA2F10102F1DC30BD202A04DBD5
:10031000203A00FA02F1002070479140C2F1200318
:1003200020FA03F3194390407047202A04DB203A57
:1003300021FA02F00021704721FA02F3D040C2F105
:10034000200291400843194670470000064C074DB3
:1003500006E0E06840F0010394E807009847103495
:10036000AC42F6D3FFF714FF8CD50008ACD50008DB
:10037000FEE77047F0B500231A464FF0004500BF76
:10038000016903EB830401EBC4010A604A608A60DF
:10039000CA600A620D604A62466946F480464E6051
:1003A0004E6826F000464E6000EB8306032BB164D6
:1003B00005D22827066907EBC404344400E0046929
:1003C000CC605B1C042BDBD3C26502668266C2660E
:1003D00082650169006800F58050C160F0BD38B5E4
:1003E0000446006800F58050816941F48011816104
:1003F000206800F5805080690090012000F072FABA
:100400002068009900F58050816138BD014800F0F6
:10041000F1BA00001C4C002070B5A4B001250024E6
:1004200006468DF828408DF804501494A8038DF8E2
:10043000564005908DF8105002948DF80E508DF8AE
:100440005440C0108DF811508DF81F408DF8204099
:1004500006908DF81E508DF80F4009948DF81C40C1
:1004600012948DF84C408DF855406946304600F0A6
:1004700069F98DF881508DF880408DF8824028040C
:100480001B908DF8685080011F908DF870508DF88A
:10049000885040128DF871501E941D908DF8725046
:1004A000239421948DF8895019A93046199400F0AD
:1004B000E9F824B070BD0020704700F031BF0000A3
:1004C00010B5024800F0FCFC002010BD1C4C0020C0
:1004D00013460A4610B50146034800F079FC00288F
:1004E00001D04FF0FF3010BD1C4C002013460A46CF
:1004F00010B50146034800F0E1FD002801D04FF09F
:10050000FF3010BD1C4C00202DE9F043836A1830E9
:10051000914650F823208D681C4617680026002F4E
:100520006BDB00EB83077F69BFBBD5F800C00127F9
:10053000C2F808C0D2F804C0D5F804806FF30C0CE0
:100540004CEA080CC2F804C091F800C05FEACC7C09
:1005500009D0D2F800C0D1F814802CF4400C4CEA39
:10056000080CC2F800C091F800C05FEA8C6C09D595
:10057000D2F800C0D1F810802CF0406C4CEA080C86
:10058000C2F800C00978490703D5116841F080011D
:100590001160116841F0805148E02EE0116821F0AF
:1005A000005111601168B9F1000F02D041F0804193
:1005B00001E021F0804111605B1C042B00D31B1F64
:1005C00050F823201168002903DB00EB83014969FF
:1005D000B1B150F8242000210DE000BFBFF35F8FC0
:1005E000136823F000431360641C042C00D3241F01
:1005F000491C50F82420B942F0D30220BDE8F08312
:10060000116821F080511160AD68296891605168CE
:10061000D5F804C06FF30C0141EA0C015160761C5F
:100620007F1CBFF35F8F116841F000411160A96822
:100630000029B3D11168B9F1000F02D041F0804117
:1006400001E021F080411160116841F0005111601A
:1006500050F82410BFF35F8F0A6842F000420A602E
:1006600000EB8302416A5161EFF31081012282F3B2
:1006700010880361826A761C324481F3108882629A
:100680000020BBE770B50C460168054601F58051B6
:1006900088692B4A1040227BEAB30022637B9206D2
:1006A00042EA4362637FBBB35FF0000342EA035256
:1006B000A37B42EA435263691A43237F42EAC3128F
:1006C000A37F42EA8312236A1A4394F8243042EA51
:1006D000830202438A61286800F580508669012000
:1006E00000F000F9286800F580508661A169A068D3
:1006F00022790843216941EA4261084394F82510B0
:1007000040EAC110A16A40EA81002168084340F430
:100710000001286801E00FE010E000F58050016062
:10072000286800F580500468012000F0DBF8286894
:1007300000F58050046070BD0122AFE70123B5E7EA
:10074000233FDEF870B5026805460C4610683C4948
:10075000A37B0840A16841EA4361237C002B64D05D
:100760000023667CDB05002E61D0002643EA865319
:100770001943E37F41EA034163691943A37FEBB364
:100780005FF0000341EA4331237F41EA0331A3696B
:100790001943237941EA832194F820307BB3002365
:1007A00041EA4321E37B41EAC311636A194394F8A8
:1007B000283041EA031101431160286806680120CE
:1007C00000F090F8286806602A6890694FF6417139
:1007D0000840A36C216D41EA034194F84C3063B3A7
:1007E000002394F85560DB01012E00D0002643EA77
:1007F000C603194394F85630012B01E019E01AE0C2
:1008000000D0002341EA830194F85430012B00D03A
:10081000002341EA43010143916128688469012072
:1008200000F060F82868846170BD012399E7012613
:100830009CE70123A6E70123B2E70123D1E70000EB
:100840000F8120FD2DE9F843044600200090A56E9D
:100850004FF0010804EB8500E76E866C1EE0306AFD
:1008600030B9684600F0E6FA009880B33062B060B4
:10087000B8F1000F12D0A06D002860692BD040F4B1
:1008800080407060306840F0004030606D1C042D86
:1008900000D32D1F04EB85007F1E866C17B1B8F1C5
:1008A000000FDCD1E06EB8420FD0E81C00F003006E
:1008B000BFF35F8F216900EB800001EBC00120686E
:1008C00000F580508160C4E91A57BDE8F883FFE75E
:1008D0004FF00008E2E701490843D2E700400080FA
:1008E00072B6FEE770B5044600F01AFD0546601CBE
:1008F00002D004480078044400F012FD401BA042DE
:10090000FAD370BD0C0000207047002970D0026837
:100910001268C2F3001281F828200268126802F0FF
:1009200060024A620268126842F34022521C81F857
:10093000202002681268C2F30042CA770268126877
:1009400042F34032521C8A7702681268C2F30032C6
:100950000A770268126802F400628A61026812680B
:1009600002F480424A610268126842F38052521CCB
:100970004A740268126842F3C052521C0A74026838
:100980001268C2F3C012CA730268126802F46022CD
:100990008A6002681268C2F380220A7102681268D3
:1009A000C2F340628A7302689269C2F3400281F81E
:1009B00054200268926942F3C012521C81F84C2004
:1009C0000268926902F030020A6502689269120CAC
:1009D0008A6402689269C2F3800281F85620006836
:1009E0008069C0F3C00081F8550000207047FFE720
:1009F0000120FBE72DE9F0470446006850F8387FF6
:100A0000D0F8DC5FD0F8E46FDFF8B490D9F800805C
:100A100000F6C870690606D5710604D529494161FA
:100A2000204600F02BFA05EA0600C00708D020682F
:100A30004FF0011100F580504161204600F03CFB71
:100A4000280423D5300421D5D4F8880040F00800CC
:100A5000C4F88800A804206800F580500CD54169CE
:100A6000194A1140C4F88C10C16921F4C031C16128
:100A7000E020C4F8840006E0426948F280610A4040
:100A8000C4F88C2041612046FFF73EFF38070BD5A4
:100A90002068C06A00F06000C4F89400204600F0AE
:100AA00023F90020C4F894005FEA083006D54FF41B
:100AB0000021C9F80010204600F0FFFABDE8F087D9
:100AC000143C01404000010000207E00F8B5040005
:100AD00003D0D4F8840010B107E00120F8BD202035
:100AE000C4F88400204600F093F8454800250168CA
:100AF00041F480410160006800F48040009041486A
:100B0000016821F4000101600168A26811430160DD
:100B10000068206800F58050016841F00101016023
:100B200000F0FEFB06464FF4FA770BE000F0F8FB0E
:100B3000801BB84206D90420C4F88800E020C4F81D
:100B40008400CAE7206800F580500068C007EDD136
:100B50002046FFF761FC0021E06801EB810200EB19
:100B6000C200056045608560C56004EB8103986143
:100B7000036843F480130360032905D22826E36841
:100B800006EBC2021A4400E0E268C260026842F466
:100B900040020260491C0429DED3A5622068E16896
:100BA00000F5805001612046FFF7E4FB6068164ABB
:100BB000818811640178C37841EA036183784078C1
:100BC0001B0443EA0020014351642068C16B41F4D7
:100BD0000271C1632068D0F80C110C4A1143C0F8AF
:100BE0000C112068D0F8101141F40311C0F8101155
:100BF000C4F888501020C4F884000020F8BD00001C
:100C00004438024004380140008002406000020085
:100C1000F0B587B0044614216846FFF742FB2D4922
:100C20002068884253D12C480024016841F00071AB
:100C30000160016801F000710591016841F0806177
:100C40000160016801F080610591016841F0006177
:100C50000160016801F000610591016841F0040143
:100C60000160016801F004010591016841F0010192
:100C70000160016801F001010591016841F0020184
:100C800001600068022500F0020005903220CDE9E5
:100C9000000502AA03260B2782E8D00069460F4808
:100CA00000F038FA8620CDE9000502AA694682E8FC
:100CB000D0000B4800F02EFA4FF46050CDE900054B
:100CC00002AA694682E8D000064800F023FA07B07D
:100CD000F0BD0000008002403038024000080240B1
:100CE000000002400004024070472DE9F84F4FF029
:100CF00000075FEA01090446B84604D0D4F884002E
:100D000040285AD105E054F8880F40F001002060D7
:100D100053E0E66D4FF0000B04EB8600856CE06E4F
:100D2000C0F1040A36E02868C00503D5E869A06769
:100D3000A86960672868800501D4E06F10B328684F
:100D4000800503D5C4F860B0C4F864B02868C0F367
:100D50000D4000902868C00503D528684FF00108B1
:100D60002067AA682A6204F18001081F009B00F036
:100D700086F8206E401C2066616E0098084460660C
:100D8000C5F820B0761C042E00D3361F04EB860075
:100D90007F1C856C2868002804DB574502D2B8F117
:100DA000000FC0D0E06EC019E06602D02046FFF709
:100DB00049FDE665B8F1010F02D00120BDE8F88FCA
:100DC000E16FC9F800100020C4F87CB0F6E700001D
:100DD0002DE9F041984603680546186900F01C04A7
:100DE0004FF6FF7000EAC1204FF4F861204301EA9A
:100DF0008211014321F0020040F001041C6100F067
:100E00008FFA06464FF480370AE000BF00F088FAF8
:100E1000801BB84202D30120BDE8F0812868046934
:100E2000E007F3D12868406981B20020C8F80010BB
:100E3000F2E700001CB504460D4804F063FA030015
:100E40000FD003F1200020600A4818614FF4C06100
:100E50002068CDE9000100214122084604F0ECFFA2
:100E60001CBD054901200870002020601CBD000049
:100E7000D8D200089D6400081C000020704710B5FF
:100E8000002442F8204D1481538104681CB10C6881
:100E900022600A6004E00260FBE7018919440181D5
:100EA00000680028F9D110BD10B519B1D0F8842020
:100EB000102A01D0012010BDFFF744FC002010BD16
:100EC00070B505460068006920F01C0400F054FB72
:100ED0000C49884202D244F0080410E00A498842D2
:100EE00002D244F00C040AE00849884207D30849BA
:100EF000884202D244F0040401E044F0100428685F
:100F0000046170BDC00E16020087930300E1F50571
:100F100080D1F00870B50446D0F88400102801D0C4
:100F2000012070BD2020C4F884000420E066204623
:100F3000FFF788FC2068016841F008010160206823
:100F400005680120FFF7CEFC206805602068016875
:100F500041F004010160206805680120FFF7C2FC30
:100F6000206805602046FFF73AFA206800F58050B7
:100F7000816941F400518161206800F580508169E8
:100F800041F0020181614020C4F88400002070BD5E
:100F900070B50446D0F88400402801D0012070BD0F
:100FA0002020C4F88400206800F58050816921F475
:100FB00000518161206800F58050816921F00201B3
:100FC00081612068016821F00401016020680568E2
:100FD0000120FFF787FC206805602046FFF7FFF936
:100FE0002068016821F0080101602068056801207F
:100FF000FFF778FC206805601020C4F8840000200A
:1010000070BD2DE9F0411546044621B1D4F88400A5
:10101000402805D04EE054F8880F40F0010008E069
:1010200000222046FFF770FA28B154F8880F40F0EC
:10103000020020603EE0BFF34F8FA06A04EB800106
:10104000401C8E69A062042801D3001FA06204EB3B
:1010500080008169206800F58050416000F060F9EF
:10106000074619E0206800F58050406980040BD5E0
:1010700054F8880F40F00800206054F8880C00F500
:1010800080504069606015E0681C05D000F048F9A8
:10109000C01BA84206D82DB130680028E2DB002032
:1010A000BDE8F08154F8880F40F0040020604FF054
:1010B000405030600120F3E7704770472DE9F04160
:1010C00006680546306900F01C044FF6FF7000EA20
:1010D000C1204FF4F861204301EA8211014398B224
:1010E00041F0030470612868046100F019F90646B4
:1010F0004FF480370AE000BF00F012F9801BB842BD
:1011000002D30120BDE8F08128680469E007F3D12B
:10111000F8E700002DE9F84FDFF8BCA10022012517
:1011200003264FF00F090AF1040BAAF1040E00BFC9
:101130000B6805FA02F42340A34270D10F7907F03F
:101140000307012F01D0022F16D187684FEA42080A
:1011500006FA08FC27EA0C07D1F80CC00CFA08FCC8
:101160004CEA070CC0F808C04768A7430C79C4F3E1
:10117000001494403C4344600C79E443A4070AD033
:10118000C4684FEA420C06FA0CF7BC438F6807FAB2
:101190000CF72743C7600C7904F00304022C12D12A
:1011A000D40800EB840CDCF820405707FF0E09FA46
:1011B00007F824EA0804D1F8108008FA07F848EA8A
:1011C0000408CCF8208004684FEA420C06FA0CF7B9
:1011D000BC430F7907F0030707FA0CF727430760B2
:1011E0004C6814F4403F70D03C4C276847F480476B
:1011F0002760246822F0030704F480440094384CEC
:1012000007EB040CDCF8084897074FEA177809FA4F
:1012100008F7BC43334FB84202D1002724E054E022
:10122000314FB84201D101271EE0304FB84201D101
:10123000022719E02E4FB84201D1032714E02D4FA9
:10124000B84201D104270FE02B4FB84201D1052746
:101250000AE02A4FB84201D1062705E0284FB842DC
:1012600001D1072700E0082707FA08F72743CCF841
:101270000878DAF800405746D1F804C09C435FEA8A
:10128000CC2C00D51C433C60DBF800405F46D1F815
:1012900004C09C435FEA8C2C00D51C433C60DEF804
:1012A00000407746D1F804C09C435FEA8C3C00D5EF
:1012B0001C433C60084F083F3C68D1F804C09C4385
:1012C0005FEACC3C00D51C433C60521C102AFFF462
:1012D0002FAFBDE8F88F0000083C014044380240C1
:1012E00000300140000002400004024000080240BB
:1012F000000C02400010024000140240001802409E
:10130000001C0240426921EA02030A4043EA02410A
:10131000816170470AB1816170470904FBE70000F1
:1013200001488068704700000C0000200248816876
:1013300002781144816070470C0000200B4810B502
:10134000016841F400710160016841F4806101604D
:10135000016841F480710160032000F061F80F2002
:1013600000F006F800F024F8002010BD003C024018
:1013700070B50D4D04464FF47A712878B1FBF0F04A
:101380000A490968B1FBF0F000F002FB48B9102CE3
:1013900007D200222146501E00F022F800206C6087
:1013A00070BD012070BD00000C000020180000205E
:1013B0000A4808B5016841F480410160006800F402
:1013C000804000900548001F016841F08051016095
:1013D000006800F08050009008BD000044380240D2
:1013E000F0B40E4B1B680C46C3F30223C3F1070590
:1013F000042D00D90425191D072901D2002300E07E
:10140000DB1E012606FA05F1491E214099409E4047
:10141000761E16403143F0BC00F0AABE0CED00E091
:10142000064900F0070208684FF6FF03184040EA3B
:101430000220034A10430860704700000CED00E0F2
:101440000000FA052DE9F0470E46050065D0DFF8EB
:101450001481D8F80000F7B200F00700B04207D2BC
:1014600088F80070D8F8000000F00700B04254D1AE
:1014700028683D4C810712D5400703D5206840F409
:10148000E05020602878000703D5206840F46040D1
:1014900020602068A96820F0F000084320602878C8
:1014A000C0072DD0304968680839012812D00228B9
:1014B00013D0032811D00968890700292DDA216883
:1014C00021F0030101432160FFF72AFF814641F229
:1014D000883A0EE009688903EFE709688901ECE7BB
:1014E000FFF71EFFA0EB0901514502D90320BDE81B
:1014F000F0872068696800F00C00B0EB810FEFD135
:10150000D8F80010404601F00701B14207D9077032
:10151000006800F00700B04201D00120E7E728781A
:10152000400705D52068E96820F4E05008432060B2
:101530002878000706D52068296920F4604040EA31
:10154000C100206000F03EF82168084AC1F3031191
:10155000515CC8400649086006480068FFF708FF6C
:101560000020C4E7003C024008380240C0D2000816
:10157000180000201000002001480068704700009B
:10158000180000200448054900680968044AC1F3AE
:101590008221515CC8407047180000200838024082
:1015A000D0D200080448054900680968044AC1F31C
:1015B0004231515CC8407047180000200838024092
:1015C000D0D20008154810B5006810F00C0214487D
:1015D00013D04110042A0FD0082A0ED10F4C241F1B
:1015E0002268236802F03F025B0207D52068C0F33F
:1015F0008810A0FB010106E0084610BD2168C1F378
:101600008811A1FB00010023FEF7DCFD2168C1F376
:101610000141491C4900B0FBF1F010BD08380240FF
:101620000024F4002DE9F84F04006ED02078DFF894
:101630004C93C007A9F104054AD009F104000168E0
:10164000C1F38101012908D00068C0F3810002289C
:101650000AD1D9F80000400206D52868800337D5A2
:1016600060680028E1D033E06068B0F5803F10D0BA
:10167000B0F5A02F286810D020F4803028602868AA
:1016800020F4802028606068A8B1FFF749FE064674
:101690000DE0286840F48030F4E740F480202860B2
:1016A000F7E700BFFFF73CFE801B642873D828686B
:1016B0008003F7D50CE0FFF733FE064605E000BFD8
:1016C000FFF72EFE801B6428F0D828688003F7D42B
:1016D0002078DFF8AC8280074FF0000A3ED5A7489B
:1016E000001D016811F00C0F08D00068C0F38100E4
:1016F00002280BD1D9F80000400207D428688007DF
:1017000016D5E068012800D112E033E1E068B8B1F5
:101710000120C8F80000FFF703FE064605E000BF01
:10172000FFF7FEFD801B0228C0D828688007F7D588
:101730002868216920F0F80040EAC10028600DE027
:10174000C8F800A0FFF7ECFD064604E0FFF7E8FD4F
:10175000801B02281FD828688007F7D4207800074C
:1017600022D5864F87486169703771B101210160C8
:10177000FFF7D6FD064604E0FFF7D2FD801B0228E6
:1017800009D838688007F7D50EE0C0F800A0FFF749
:10179000C7FD064605E082E0FFF7C2FD801B022878
:1017A0007DD838688007F7D42078400768D5DFF8FF
:1017B000CCB100270BF13C0BDBF80000C0000BD4D0
:1017C000DBF8001041F08051CBF80010DBF800008E
:1017D000012700F0805000906B4E3068C00510D497
:1017E000306840F480703060FFF79AFD009005E0AB
:1017F000FFF796FD0099401A022850D83068C005BE
:10180000F6D55E4EA0686C3601280FD005283068EA
:1018100010D020F001003060306820F0040030600B
:10182000A068B8B1FFF77CFD00900FE0306840F091
:101830000100F4E740F004003060F7E7FFF770FDC7
:101840000099411A41F28830814266D83068800799
:10185000F4D50EE0FFF764FD009007E0FFF760FDB0
:101860000099411A41F28830814256D83068800789
:10187000F4D42FB1DBF8001021F08051CBF8001028
:10188000A069C8B33D49091D0968C1F38101022956
:101890004AD00228504607D0C8F8600000E03CE07B
:1018A000FFF73EFD04463BE04746C8F86000FFF7FF
:1018B00037FD064605E000BFFFF732FD801B02281A
:1018C0002BD828688001F7D4D4E907010843A16A1E
:1018D0002E4A490802EB0141626A41EA821108433B
:1018E00094F82C1040EA0161C9F800100120386614
:1018F000FFF716FD044606E03EE000BFFFF710FDCF
:10190000001B022809D828688001F7D534E000BF01
:10191000FFF706FD001B022802D90320BDE8F88F5F
:1019200028688001F4D427E00128F7D0D9F8000016
:10193000E26900F4800191421CD1226A00F03F016B
:10194000914217D147F6C071626A0140B1EB821F24
:1019500010D1A26A4FF0FF3300F4403103EB520282
:10196000B1EB024F06D194F82C1000F07060B0EB90
:10197000016F01D00120D1E70020CFE704380240F9
:1019800000004742800E4742007000400000FFFF09
:1019900010B5401EB0F1807F01D3012010BD4FF083
:1019A000E02460610F21601700F0E2FB0020A061DD
:1019B00007202061002010BD70B5040004D094F809
:1019C0004100002510B106E0012070BD84F84050B0
:1019D000204600F023F8242084F841002068C168E4
:1019E00021F40051C160204600F0D8FA2068016956
:1019F00021F4904101612068416921F02A0141618F
:101A00002068C16841F40051C1606564202084F8F9
:101A1000410084F842006563002070BD10B586B0B7
:101A2000044614216846FEF73CFC144920688842AD
:101A300021D113480021026842F0100202600068C0
:101A400000F0100005900E481438026842F00102C0
:101A50000260006800F0010005904FF4C060009043
:101A60000220CDE90101032003900720049069467C
:101A70000448FFF74FFB06B010BD00000010014006
:101A800044380240000002402DE9F843044690F833
:101A90004100984616460D46202802D00220BDE897
:101AA000F88385B17EB100206064212084F8410074
:101AB000FFF736FCA6848146E684A0682027B0F5AF
:101AC000805F02D003E00120E9E7206910B12E46D3
:101AD00000250EE000260CE08021204600F0E4FA0C
:101AE000A8B9C6B116F8010B21684860E08C401E09
:101AF000E084E08C4B464FF00002CDF800800028D7
:101B0000EAD14FF04001204600F0CEFA40B184F80F
:101B100041700320C3E735F8020BC0F30800E3E788
:101B200084F841700020BAE7FEE738B5044600208B
:101B3000009063696A460121206898476FF00405A8
:101B4000002825DB63696A46012120689847002840
:101B50001EDB0098400701D4012038BD63696A4646
:101B6000002120689847002812DB0098C10408D49F
:101B70004FF4045181431CD081041CD4C0051CD4F3
:101B800015E063696A461F2120689847002801DA3A
:101B9000284638BD0098C10401D4062038BDC0F3E2
:101BA0008200062805D0022805D0052805D005208A
:101BB00038BD022038BD032038BD042038BDF8B53B
:101BC00005460020044606460090686808BBA868E1
:101BD00000B1804720206FF0040728606B696A46D7
:101BE000122120469847002801DA3E4609E0009875
:101BF00000F01F00A04204D100262C601F2C06D844
:101C000009E0641C1F2CE9D92C681F2C02D96FF045
:101C1000020602E00EB9012068603046F8BD88B1C6
:101C2000CA687AB18A686AB10A695AB10A68826078
:101C30004A68C260CA6842618A6802610969816152
:101C4000002070474FF0FF30704700002DE9F04151
:101C500086B014216846FEF724FB2648002501685B
:101C600041F080010160016801F080010591016887
:101C700041F004010160016801F00401059101686F
:101C800041F001010160016801F001010591016865
:101C900041F002010160016801F002010591016853
:101CA00041F0100101600068134F00F01000059032
:101CB000002204213846FFF72DFB0122DFF83C808B
:101CC000160331464046FFF725FB042001248DE82A
:101CD0003100694638460395FFF71CFA0320CDE929
:101CE0000240CDE9006469464046FFF713FA06B0AA
:101CF000BDE8F0813038024000040240001002408C
:101D0000FEB5454CC023A822237062700120A0704C
:101D10000521E170251DFF2129706970A970002738
:101D20002E1DEF7033707270B070F07002F002FE12
:101D3000208841BA0A04A17842EA0123E27844BA31
:101D40002404134344EA01241B06A4B243EA0423F7
:101D500044BA40BA000440EA0120E4B243EA042352
:101D60001043A5F1100143EA10600860288841BAC9
:101D70000A04A97844BA42EA0123EA782404134306
:101D800044EA01241B06A4B243EA042344BA40BA3D
:101D9000000440EA0120E4B243EA04231043A5F121
:101DA0000C0143EA10600860308841BA0A04B17837
:101DB00044BA42EA0123F2782404134344EA01249A
:101DC0001B06A4B243EA042344BA40BA000440EA22
:101DD0000120E4B243EA0423104343EA1060A5F172
:101DE0000801A5F1080308600C480D490097CDE9EA
:101DF00001101A1F111F0B4803F0CAFA094803F01B
:101E0000E1FC084803F0F2FD03B00749BDE8F040EB
:101E1000044803F031BD00004800002039300008BC
:101E20006D320008244D00207131000870B50B4858
:101E300001F064FA04F0ACFD084DFFF771FA084CAC
:101E40002168401A642807D3FFF76AFA2060284601
:101E5000BDE8704001F042B970BD0000244D002083
:101E6000380000200C4810B50A4901604FF4E131F8
:101E70004160002181600C22C160C0E904128161CF
:101E8000C161FFF799FD002803D0BDE81040FEF7BF
:101E900027BD10BD0010014010010020FEE7FEE745
:101EA00070477047FFF742BA30B593B030216846AB
:101EB000FEF7F7F914210CA8FEF7F3F91D480025E9
:101EC000016841F080510160006800F0805011907D
:101ED0001948016841F4804101600068022400F45F
:101EE0008040119001200090000401908001CDE914
:101EF000064008AA0420A82182E813000B90684637
:101F0000FFF790FB08B172B6FEE70CA90F2081E83D
:101F100031004FF4A0500F904FF4805010900521E5
:101F20000CA8FFF78FFA002801D072B6FEE713B0B5
:101F300030BD000040380240007000400248016897
:101F400041F470010160704788ED00E001680C31D8
:101F500051E8002F22F4907241E80023002BF5D1C4
:101F60000168143151E8002F22F0010241E80023FA
:101F7000002BF5D1016B012909D101680C3151E821
:101F8000002F22F0100241E80023002BF5D1202180
:101F900080F84210002101637047000070B50446CC
:101FA00000680169E26821F440511143016121692F
:101FB000A068E26908436169114308432168CA685F
:101FC00049F20C639A430243CA6020684169A269DE
:101FD00021F440711143416131492068884202D0A7
:101FE0003049884202D1FFF7DDFA01E0FFF7CAFA73
:101FF000E2690023192164253226B2F5004F626898
:1020000028D0A0FB0101930F9200FEF7DBF80146F8
:10201000B0FBF5F06FF01802504301EB800006EBC7
:102020000010B0FBF5F000F0F002B1FBF5F002EBB0
:102030000012B1FBF5F06FF01803584301EB80007C
:1020400006EB0010B0FBF5F000F00F002168104423
:10205000886070BDA0FB010192185B41FEF7B2F8E9
:102060000146B0FBF5F00201B1FBF5F06FF018038B
:10207000584301EB800006EBC000B0FBF5F000F028
:10208000F80002EB4002B1FBF5F0584301EB800091
:1020900006EBC000B0FBF5F000F00700D6E700004B
:1020A00000100140001401402DE9F84398461746FE
:1020B0000D460446089E24E0701C22D0FFF730F93C
:1020C000A0EB0800B0421AD8CEB12068C168490719
:1020D00017D5802D15D0402D13D00168C9430907AD
:1020E0000FD401680025406800902046FFF72EFFBE
:1020F0000820606484F840500120BDE8F883032084
:10210000FBE72068006835EA000004D00020B842F0
:10211000D2D00020F1E70120F9E7FEE70FB4054B2C
:1021200010B503A9044A029800F042F810BC5DF80B
:1021300014FB0000393300080C0100200FB47CB5FB
:102140000C0009AD01D0611E00E00021CDE90001C5
:10215000064B6A462946089800F02AF8002C02D05F
:10216000009A002111707CBC5DF814FB6923000803
:102170000907090E002804DB00F1E02080F80014B4
:10218000704700F00F0000F1E02080F8141D704748
:1021900002E008C8121F08C1002AFAD17047704730
:1021A000002001E001C1121F002AFBD1704700008E
:1021B0002DE9FF4F8BB09A460F460546002606E0F4
:1021C00025280BD052460D9990476D1C761C287817
:1021D0000028F5D10FB03046BDE8F08F0024A046AE
:1021E0000122604900E0044315F8013F203B02FA58
:1021F00003F00842F7D128782E2817D115F8010FDF
:1022000044F004042A280ED06FF02F022878A0F1A1
:10221000300109290AD808EB880102EB410100EBE3
:1022200001086D1CF2E757F8048B6D1C28786928AB
:102230003ED006DC0028CDD063280BD0642804D122
:1022400036E0732810D075284BD052460D99904730
:10225000761C85E017F8040B8DF8000000208DF83F
:102260000100E946012003E057F8049B4FF0FF30DE
:1022700061074FF0000401D40AE0641C44450DDA04
:102280008442FADB19F804100029F6D106E0641C38
:102290008442FCDB19F804100029F8D1264404E03C
:1022A00019F8010B52460D999047641EF8D257E079
:1022B00001CF4FF00A0B002802DA40422D2102E044
:1022C000210504D52B218DF82410012103E0E1071D
:1022D00005D02021F7E70DF1200908910CE000213D
:1022E000F9E701CF4FF00A0BF9E75946FDF7F8FF80
:1022F00001F1300209F8012D0028F6D1ADEB0900FB
:1023000000F1200B600701D44FF00108D84502DD31
:10231000A8EB0B0000E000208046002406E009A89E
:102320005246005D0D999047641C761C08988442C3
:10233000F5DB04E0302052460D999047761CB8F149
:102340000001A8F10108F5DC05E019F8010B52467F
:102350000D999047761CBBF10001ABF1010BF4DC49
:102360006D1C34E7092801004A68002A06D00A6873
:10237000531C0B6010704868401E48607047000096
:1023800070B505460C46880706D006A34FF4B67212
:1023900010A118A0FFF7C2FEA86800682060A86816
:1023A000046070BD2E2E2F4D6964646C6577617278
:1023B00065732F54686972645F50617274792F4C31
:1023C0007749502F7372632F636F72652F6D656D40
:1023D000702E63006D656D705F667265653A206D85
:1023E000656D2070726F7065726C7920616C6967C1
:1023F0006E656400417373657274696F6E20222587
:102400007322206661696C6564206174206C696E5A
:102410006520256420696E2025730A0010B5806848
:102420000468002C0CD021680160A00706D005A329
:102430004FF48C720FA118A0FFF770FE204610BD5C
:10244000002010BD2E2E2F4D6964646C657761727B
:1024500065732F54686972645F50617274792F4C90
:102460007749502F7372632F636F72652F6D656D9F
:10247000702E63006D656D705F6D616C6C6F633A9B
:10248000206D656D702070726F7065726C7920615F
:102490006C69676E65640000417373657274696F7F
:1024A0006E2022257322206661696C656420617448
:1024B000206C696E6520256420696E2025730A00F2
:1024C00070B5094D0646002404EB440005EBC0003E
:1024D000017D29B18068B04202D1204600F036F972
:1024E000641C0A2CF0DB70BD948200202DE9F74FAC
:1024F00084B04FF00A0B00240646DA465F46D94600
:1025000002940194CDF80040514904EB440001EBE2
:10251000C008039098F814500A2F1DD0002D2AD01F
:10252000012D08D0022D06D24AA340F2231257A152
:1025300066A0FFF7F3FD9EB13168D8F80400814230
:102540000ED1069820B1D8F808100698814207D11C
:10255000204607B0BDE8F08F002DE1D127460AE004
:10256000012D16D0022D06D3B8F81200009988422A
:1025700001D3A2460090641C24B20A2CC4DB059847
:1025800081074FF0FF30E4D40A2F16D018DA3C460A
:102590003EE02F49039851F830000028B8F81200A7
:1025A00005D002998842E6D3A1460290E3E701995B
:1025B0008842E0D3A3460190DDE70599C907C8D05A
:1025C0005146BAF10A0F0EDA0C46214801EB4401DC
:1025D00050F8310080B11FA340F26D1245A13BA01D
:1025E000FFF79CFD08E05946BBF10A0F03DB4946A3
:1025F000B9F10A0FADDA0C460A2C06DB15A340F23E
:102600007F1242A131A0FFF789FD204600F09EF81D
:102610000A2C06DB0FA340F283123CA12BA0FFF78C
:102620007DFD0B4804EB440100EBC105287D30B172
:1026300008A34FF4C2723AA124A0FFF76FFD0EB1B8
:1026400030686860002068820698A86080E7000013
:10265000948200202E2E2F4D6964646C6577617220
:1026600065732F54686972645F50617274792F4C7E
:102670007749502F7372632F636F72652F6970767D
:10268000342F6574686172702E6300007374617416
:1026900065203D3D204554484152505F53544154BC
:1026A000455F50454E44494E47207C7C2073746101
:1026B0007465203E3D204554484152505F5354417B
:1026C00054455F535441424C4500000041737365CB
:1026D0007274696F6E2022257322206661696C65B1
:1026E00064206174206C696E6520256420696E2009
:1026F00025730A006172705F7461626C655B695D6D
:102700002E71203D3D204E554C4C000069203C2050
:102710004152505F5441424C455F53495A45000075
:102720006172705F7461626C655B695D2E73746168
:102730007465203D3D204554484152505F535441FB
:1027400054455F454D5054590000000070B5074C8A
:1027500000EB4005002654F8350018B103F0F4FDF5
:1027600044F8356004EBC500067570BD9482002006
:102770002DE9F04385B00D00074609D07C684FF481
:1027800080782088404539D12079062836D109E063
:102790001CA340F28A2229A12CA0FFF7BFFC05B0A0
:1027A000BDE8F0836079042828D16088082825D105
:1027B000D4F80E000490A169686820B1814202D16A
:1027C0000126334601E00026022304F10802914667
:1027D00004A9284600F0A2FBE08840450ED16EB166
:1027E000022204ABCDE90232291DCDE9001905F121
:1027F000260319464A46284600F090FA384603F068
:10280000A3FDCCE72E2E2F4D6964646C6577617251
:1028100065732F54686972645F50617274792F4CCC
:102820007749502F7372632F636F72652F697076CB
:10283000342F6574686172702E6300006E65746970
:102840006620213D204E554C4C00000041737365BD
:102850007274696F6E2022257322206661696C652F
:1028600064206174206C696E6520256420696E2087
:1028700025730A00FEB515460E46040006D143A393
:1028800040F21E324FA153A0FFF748FC36B93FA3D8
:1028900040F21F3259A14FA0FFF740FC35B93BA3CE
:1028A0004FF4487258A14BA0FFF738FC2146286826
:1028B00000F0D2FE08B1584B3FE02868C0F3031186
:1028C0000E2925D0A168636800EA01020B409A42F4
:1028D00008D080B2A0F57E41A93903D0E068B0B33A
:1028E00004F10C054D4B4E481A7802EB420100EB07
:1028F000C1010F7D022F2ED38F68A7422BD12F68E5
:1029000049688F4227D13146204600F08BF8FEBD42
:1029100001208DF8040000208DF805005E208DF860
:102920000600687801AB00F07F008DF80700A878FA
:102930008DF80800E8788DF809004FF400600090E9
:1029400004F126023146204600F014FCFEBDFFE7EC
:102950006FF00300FAE7002202EB420100EBC10135
:102960000F7D022F08D38F68A74205D12F684968D1
:102970008F4201D11A70C6E7521CD2B20A2AEBD399
:1029800032462946204600F0D5F8DFE72E2E2F4D9F
:102990006964646C6577617265732F5468697264E9
:1029A0005F50617274792F4C7749502F7372632F87
:1029B000636F72652F697076342F65746861727009
:1029C0002E6300006E6574696620213D204E554CD3
:1029D0004C000000417373657274696F6E2022258C
:1029E0007322206661696C6564206174206C696E75
:1029F0006520256420696E2025730A007120213D21
:102A0000204E554C4C0000006970616464722021B6
:102A10003D204E554C4C0000E4D20008EC00002054
:102A2000948200202DE9F8430646154688461C4846
:102A300002EB450100EBC104207D022806D219A358
:102A400040F2EE2225A131A0FFF768FB144A05EB06
:102A50004501207D02EBC1050C35022813D1608AA7
:102A60000327B0F58E7F04D9211D304600F010FAFF
:102A700007E0B0F5877F06D32A46211D304600F0D7
:102A80000DFA00B927754FF4006000902B4606F14F
:102A900026024146304600F06DFBBDE8F883000099
:102AA000948200202E2E2F4D6964646C65776172CC
:102AB00065732F54686972645F50617274792F4C2A
:102AC0007749502F7372632F636F72652F69707629
:102AD000342F6574686172702E6300006172705FDC
:102AE0007461626C655B6172705F6964785D2E739E
:102AF00074617465203E3D204554484152505F53F7
:102B0000544154455F535441424C450041737365F1
:102B10007274696F6E2022257322206661696C656C
:102B200064206174206C696E6520256420696E20C4
:102B300025730A002DE9FC5F8246263001900E467F
:102B4000086814464FF0FF374FF0000B514600F075
:102B500083FD80B93068C0F303110E290BD056B144
:102B600048B1524601213046FFF7C0FC050005D5AB
:102B700040B2BDE8FC9F6FF00F00FAE77F2D06D34F
:102B800037A340F2C13244A147A0FFF7C7FA05F0CE
:102B9000FF094F4909EB490801EBC805287D0028CA
:102BA0000ED0012808D0022806D22DA340F2CD3243
:102BB00048A13DA0FFF7B2FABBF1000F06D104E037
:102BC00001202875C5F808A000E034B93146504608
:102BD00000F05EF90746002CCBD0287D3C4E022841
:102BE0000ED346494FF4006005F10C0381F80090C4
:102BF000009021465046019A00F0BCFA07462DE0AD
:102C000001282BD1254640F2F1376889298988426D
:102C100007D1286828B112A33A4639A122A0FFF7AC
:102C20007DFA287B400607D522464FF420710E20FE
:102C300003F0C0F9044605E02D68002DE5D12046DB
:102C400003F000FD44B156F8380008B103F07CFBF6
:102C500046F83840002701E04FF0FF37384688E754
:102C60002E2E2F4D6964646C6577617265732F54E5
:102C7000686972645F50617274792F4C7749502F84
:102C80007372632F636F72652F697076342F65746A
:102C9000686172702E63000074797065206F7665CC
:102CA00072666C6F77000000417373657274696FB0
:102CB0006E2022257322206661696C656420617430
:102CC000206C696E6520256420696E2025730A00DA
:102CD000948200206172705F7461626C655B695DF3
:102CE0002E7374617465203D3D2050454E44494E1D
:102CF00047206F7220535441424C4500EC000020A5
:102D00006E6F207061636B65742071756575657396
:102D100020616C6C6F776564210000002DE9FF4F26
:102D200081B09846DDE90FA9DDF838B006004FF014
:102D3000000706D12CA340F2574239A13CA0FFF76F
:102D4000EDF94FF420721C210E2002F003FF050064
:102D500046D068891C2806D223A340F262423EA1D5
:102D600033A0FFF7DBF96C68119801F0E1FDE0801A
:102D700096F82C00062806D01BA340F2694243496E
:102D80002BA0FFF7CBF9D8F80010A160B8F8040029
:102D9000A081DAF80010C4F81210BAF80400E0823A
:102DA000DBF80000C4F80E00D9F80000A0614FF471
:102DB00080702080082060800620207104206071CF
:102DC00040F60600DDE9022300902946304600F077
:102DD000D1F9284603F0B8FA384605B0BDE8F08FBF
:102DE0004FF0FF30F9E700002E2E2F4D6964646C20
:102DF0006577617265732F54686972645F506172A0
:102E000074792F4C7749502F7372632F636F7265FB
:102E10002F697076342F6574686172702E630000BC
:102E20006E6574696620213D204E554C4C000000B3
:102E3000417373657274696F6E2022257322206658
:102E400061696C6564206174206C696E652025641D
:102E500020696E2025730A00636865636B207468BF
:102E60006174206669727374207062756620636194
:102E70006E20686F6C64207374727563742065745F
:102E8000686172705F6864720000000048D50008D5
:102E9000014A00F003B80000E4D200087FB5064DF7
:102EA000031D0124CDE90035CDE902142233194672
:102EB000FFF734FF04B070BDEAD2000870B5164DBC
:102EC000002400BF04EB440005EBC002117DF1B10A
:102ED000508A401C80B25082B0F5967F0AD20129F8
:102EE00006D003290AD004290AD001290BD00EE00C
:102EF000052808D32046FFF729FC08E0042000E05D
:102F00000220107503E0111D9068FFF7C1FF641CDB
:102F10000A2CD7DB70BD000094820020F8B504466F
:102F200090F82C001F4616460D46062806D020A312
:102F300040F2A9122CA135A0FFF7F0F89DB1286846
:102F400088B1214600F088FB68B92878C0F30310E7
:102F50000E2808D0224639462846FFF7C7FA00282F
:102F600004DA40B2F8BD6FF00F00F8BD00EB40018D
:102F70003048022300EBC102137594603368D360BC
:102F8000B38813820023538250F8315075B140F852
:102F900031304FF400600090334604F12602294698
:102FA000204600F0E7F8284603F0CEF90020F8BDEF
:102FB0002E2E2F4D6964646C6577617265732F5492
:102FC000686972645F50617274792F4C7749502F31
:102FD0007372632F636F72652F697076342F657417
:102FE000686172702E6300006E657469662D3E68BC
:102FF00077616464725F6C656E203D3D2045544886
:103000005F4857414444525F4C454E0041737365DD
:103010007274696F6E2022257322206661696C6567
:1030200064206174206C696E6520256420696E20BF
:1030300025730A00948200202DE9F041044640895E
:103040000E270D460E283CD9E07B18B995F83000C4
:10305000401CE073606801788689CA0714D0012992
:1030600005D006221C49FDF72EF948B10CE0417845
:1030700051B980785E2807D1607B40F0100002E0F3
:10308000607B40F008006073082E03D0B6F5C16F76
:1030900017D10DE095F82D00000712D539462046CE
:1030A00003F016FB68B92946204600F01DFC10E02D
:1030B00095F82D00000704D53946204603F008FB9B
:1030C00018B1204603F040F903E029462046FFF7F7
:1030D0004FFB0020BDE8F081E4D2000870B59AB043
:1030E000064664216846FDF7DCF800252C461F489B
:1030F000FEF71BFD96F82D1049070DD5012809DCB8
:103100001A48E838FDF744FF304602F061FB3046CC
:1031100002F0B6FB1AB070BD0128FBDD4FF4006170
:10312000CA00022806D0032805D0042805D00528A7
:10313000F0D103E00C46154600E00C460B4869460A
:10314000E838FDF7E2FB0948CDE905546946E8385F
:10315000FDF7AAFE0548E838FDF7DCFE304602F030
:1031600045FC304602F0E2FBD4E70000044D0020AD
:10317000704700002DE9F04104461F4690460E4678
:10318000069801F0D5FB05460E21304602F07EFC84
:1031900018B16FF00100BDE8F08170688581396871
:1031A0000160B9888180D8F80020C0F80620B8F8FE
:1031B0000410418194F82C00062806D006A34FF491
:1031C000997213A11FA0FEF7A9FF31462046A269FC
:1031D000BDE8F041104700002E2E2F4D6964646C4D
:1031E0006577617265732F54686972645F506172AC
:1031F00074792F4C7749502F7372632F6E65746901
:10320000662F65746865726E65742E630000000039
:103210006E657469662D3E6877616464725F6C6583
:103220006E206D757374206265203620666F722083
:1032300065746865726E65745F6F757470757421FE
:1032400000000000417373657274696F6E2022255F
:103250007322206661696C6564206174206C696EFC
:103260006520256420696E2025730A0010B50400CE
:1032700006D10BA340F26F1210A114A0FEF74EFF6F
:10328000732084F82E00742084F82F0019486061A0
:103290001948A061204601F077FA002010BD000017
:1032A0002E2E2F4C5749502F5461726765742F652D
:1032B000746865726E657469662E63006E65746904
:1032C0006620213D204E554C4C0000004173736533
:1032D0007274696F6E2022257322206661696C65A5
:1032E00064206174206C696E6520256420696E20FD
:1032F00025730A007528000881480008F8B50C4FAE
:10330000054600260096387818B969460948FDF741
:10331000ECFC009C002C09D02A69294620469047E5
:103320000028EFD0204603F00FF8EBE7F8BD0000CF
:103330001C0000201C4C002013B54FF6FF73012227
:1033400069460248FEF7A0FB00981CBD1001002052
:103350000A46032100F0F4B82DE9FE4F8A4644499D
:103360000446D1F8088098F800000007850E142D57
:1033700079D36089042876D360680078002872D0F9
:10338000082870D1486901F11407C0F303120E2A0E
:1033900069D08946096800F05FF9002863D1208967
:1033A000082860D305F10E010E46204602F06EFBA0
:1033B000002830D02089411989B2884253D84FF46F
:1033C00020720E2002F0C6FB06004CD0718905F178
:1033D0000800814216D32A4641467068FCF73AFF3E
:1033E0002946304603F074F9002806D021A3B622FE
:1033F0002EA13CA0FEF792FE04E02146304602F0EA
:1034000027FE18B1304602F09FFF2CE0204602F064
:103410009BFF34460CE03146204603F059F9002862
:1034200006D014A3C72239A12EA0FEF777FE1AE01A
:1034300029462046666802F029FBA0B96068396811
:10344000FF22C160D9F81010016100213170718034
:103450000272418101228DE806040A46FF233946A3
:10346000204600F011FB2046BDE8FE4F02F06CBF85
:10347000584D00202E2E2F4D6964646C6577617263
:1034800065732F54686972645F50617274792F4C50
:103490007749502F7372632F636F72652F6970764F
:1034A000342F69636D702E630000000069636D70D6
:1034B0005F696E7075743A206D6F76696E67207201
:1034C0002D3E7061796C6F616420746F2069636D4B
:1034D0007020686561646572206661696C65640A64
:1034E00000000000417373657274696F6E202225BD
:1034F0007322206661696C6564206174206C696E5A
:103500006520256420696E2025730A0069636D704B
:103510005F696E7075743A20726573746F72696E4C
:1035200067206F726967696E616C20702D3E7061F3
:10353000796C6F6164206661696C65640A000000E3
:103540002DE9FF479146884606464FF42072242114
:10355000222002F0FFFA050031D06889242806D223
:1035600018A34FF4B47225A12FA0FEF7D7FD6C6805
:1035700077681C2284F8008084F801904FF00008DE
:10358000A4F80480A4F80680686871680830FCF725
:1035900061FEF868039003A800F086FC60B1A4F80F
:1035A00002800122CDF80080CDE90120FF2303AA8B
:1035B0000021284600F068FA284602F0C5FEBDE862
:1035C000FF8700002E2E2F4D6964646C6577617251
:1035D00065732F54686972645F50617274792F4CFF
:1035E0007749502F7372632F636F72652F697076FE
:1035F000342F69636D702E6300000000636865639B
:103600006B207468617420666972737420706275CF
:10361000662063616E20686F6C642069636D702042
:103620006D65737361676500417373657274696F6B
:103630006E2022257322206661696C6564206174A6
:10364000206C696E6520256420696E2025730A0050
:103650000A460B21FFF774BF421C12D088B191F8C3
:103660002D2092070BD54B68834208D0896800EA69
:1036700001020B409A4202D10143491C01D00020B3
:1036800070470120704700002DE9F74F88B00446CD
:10369000099800251426808CAF1F1438C11700EB41
:1036A0005170C0F3CF00039060680690017801F07C
:1036B0000F01052903D038460BB0BDE8F08F6189B2
:1036C000142907D25BA34FF43F7269A16FA0FEF7E4
:1036D00025FDF0E7C08801F02BF9C0F30C0100F4E0
:1036E000005002910790208914381FFA80F88EE06C
:1036F00003984FF6FF7101EAC0004146404500D9EA
:10370000084604904FF4207214210E2002F022FA91
:103710005FEA000A7ED0BAF80A00142806D245A350
:103720004FF4497263A159A0FEF7F8FC1422DAF8AD
:1037300004000699FCF78EFDDAF804000590049F5A
:1037400035E06089811B8DB2B04206D239A340F2C8
:103750002D3260A14DA0FEF7E1FCAF4200D23D4604
:103760001DB3052001F07CFD5FEA000957D06068B9
:103770004B463044CDE9000541222946002002F0A5
:103780005BFB5FEA000B50D0204602F05BFF55491F
:10379000C9E904145946504602F06AFB781B070435
:1037A0003F0C06D000262468CBE724680026002FB3
:1037B000C7D1701986B20998808C14384045029898
:1037C000C0F30C0001DB079909B140F4005001F08F
:1037D000AFF80599C8800498143080B201F0A8F8B9
:1037E00005994880059800214181099851460A9A17
:1037F00043699847504602F0A7FD0499A8EB0100E1
:103800001FFA80F8DDE90201084480B20290B8F1A5
:10381000000F00E006E07FF46BAF00204CE750465D
:1038200002F092FD4FF0FF3046E7484600F074FC8E
:10383000F5E700002E2E2F4D6964646C6577617288
:1038400065732F54686972645F50617274792F4C8C
:103850007749502F7372632F636F72652F6970768B
:10386000342F6970345F667261672E630000000058
:103870006970345F6672616728293A2070627566E4
:1038800020746F6F2073686F7274000041737365EA
:103890007274696F6E2022257322206661696C65DF
:1038A00064206174206C696E6520256420696E2037
:1038B00025730A0074686973206E656564732061FE
:1038C000207062756620696E206F6E652070696574
:1038D00063652100702D3E6C656E203E3D20706F4B
:1038E00066660000F14600082DE9F0474568074686
:1038F0000E4628780421B1EB101F03D0384602F0A1
:1039000023FD77E000074FEA9068688801F010F81F
:1039100004463889A04203D92146384602F0F8FD12
:1039200079894145EAD33889A042E7D3B8F1140F29
:10393000E4D32969DFF81C91C1F303100E28C9F8FC
:103940001410EA68C9F8102005D0304600F086F857
:1039500050B1344619E096F82D00C00702D07068C7
:103960000028F6D1002410E099F8140000247F28E4
:103970000BD03948046806E0B44203D0204600F07A
:103980006DF810B92468002CF6D13146D9F8100032
:10399000FFF762FE0028B1D199F81000C0F30310C0
:1039A0000E28ABD0002CA9D0E88830F0C00005D09C
:1039B000384600F035F907001CD07D68C9F808507A
:1039C000C9E90046297838460907890EA9F80C107C
:1039D000414602F07DFE687A012818D0062811D0F1
:1039E00011280AD04D462146D9F81400FFF734FEBD
:1039F00090B11EE00020BDE8F0873146384609F05E
:103A0000CBFA19E03146384604F062FB14E0314647
:103A10003846FFF7A1FC0FE0287DC0F303100E2805
:103A200007D04146384602F05BFD02213846FFF7D9
:103A30008FFC384602F088FC0021C9F80010C9F854
:103A40000410C9F80810A9F80C10C9F81010C9F82A
:103A50001410CFE7584D00208800002010B590F8D2
:103A60002D10C9070CD0416851B1064A52698A42EB
:103A700004D001461046FFF7EFFD08B1012010BD4C
:103A8000002010BD584D0020FEB5DDE90954089E08
:103A90001AB109B10F6807B9211D0096CDE901548B
:103AA00000F002F8FEBD00002DE9F84F0546DDE903
:103AB0000BA8807BDDF828B01F46164689460128F2
:103AC00006D02FA34FF455723AA13DA0FEF726FB76
:103AD0006FF00104002E35D01421284601F0D6FFE6
:103AE000002832D168896C68142806D224A34FF4C8
:103AF00062723DA132A0FEF711FB277284F809A083
:103B0000306820614520207084F801B0288900F0D9
:103B10000FFF414F60804FF0000AA4F806A03888DC
:103B200000F006FFA0803888401C3880B9F1000FF3
:103B300005D0D9F80000E060A4F80AA00CE03748EE
:103B40000068F8E76889142802D22046BDE8F88F9B
:103B500068686E4600690090B8F8240040B1298971
:103B6000814205D9324641462846FFF78DFDEDE7F3
:103B7000D8F814304046324629469847E6E7000018
:103B80002E2E2F4D6964646C6577617265732F54B6
:103B9000686972645F50617274792F4C7749502F55
:103BA0007372632F636F72652F697076342F69703B
:103BB000342E6300702D3E726566203D3D2031003D
:103BC000417373657274696F6E20222573222066BB
:103BD00061696C6564206174206C696E6520256480
:103BE00020696E2025730A00636865636B20746822
:103BF00061742066697273742070627566206361F7
:103C00006E20686F6C6420737472756374206970C1
:103C10005F68647200000000EE000020ECD3000832
:103C20002DE9F05F45688346287800F00F000528ED
:103C30007DD1E88800F07CFEC004070C688800F0A5
:103C400077FE29780907890E814270D8401A1FFA39
:103C500080F8584602F0A4F96A4C064620883044A1
:103C60000A2809D93146284600F0ECFC00285ED02D
:103C7000208830440A28E8D8A14664684FF0000A3A
:103C80000CE06069E968884207D1A0692969884227
:103C900003D1A089A988884203D02468002CF0D1E0
:103CA00006E02CB1E88800F043FEC0041BD025E0FC
:103CB000042001F0D5FA04000AD13146284600F06C
:103CC000C1FCB04233DB042001F0CAFA0400CED0BC
:103CD0002021FCF7E6FA0F20E077D9F804102160E4
:103CE000C9F8044004E0E08900F022FEC00405D0D9
:103CF0001422294604F10800FCF7ACFAA87940F335
:103D000040156D1C08D007EB080080B2B84263D3A1
:103D10004FF6EB7188425FD82A465946204600F09C
:103D200043FA411C58D0B9F80020324400E064E066
:103D3000A9F8002035B107EB0801A183A17F41F06C
:103D40000101A177012845D1A08B1422143087B23C
:103D5000606804F10801456828462E68FCF77AFA85
:103D6000384600F0E5FD6880A5F806A0A5F80AA091
:103D7000656809E014213046776802F0A9FC3146F5
:103D8000284602F075F83E68002EF3D1D9F80410E9
:103D90004E468C4205D1002105E00868A04202D0C1
:103DA00001460029F9D1204600F022FB284602F006
:103DB000F7F804463088A04206D213A340F29B22B3
:103DC00020A127A0FEF7AAF93088001B30802846E2
:103DD000BDE8F09F0020FBE7606870B9D9F80400E7
:103DE000844206D008A340F2AB2227A11CA0FEF714
:103DF00095F90021204600F0FBFA584602F0A4FA9B
:103E0000E8E70000F00000202E2E2F4D6964646C5E
:103E10006577617265732F54686972645F5061726F
:103E200074792F4C7749502F7372632F636F7265CB
:103E30002F697076342F6970345F667261672E6304
:103E40000000000069705F72656173735F70627576
:103E500066636F756E74203E3D20636C656E000076
:103E6000417373657274696F6E2022257322206618
:103E700061696C6564206174206C696E65202564DD
:103E800020696E2025730A006E6F74206669727354
:103E900074616C74686F756768206A7573742065E7
:103EA0006E7175657565640070B50146144813E060
:103EB00090F82D20D3070FD053070DD543685BB181
:103EC00084680D68234005EA04069E4216D09207D6
:103ED00002D4C268954211D000680028E8D1094890
:103EE000006850B190F82D20D30706D0520704D5B2
:103EF000426812B109787F2900D1002070BD00000E
:103F0000880000208C0000202DE9FF4188460646ED
:103F10006F460578FCF788F903461A68505D20283B
:103F200062D100240A20302D06D116F8015F782DC9
:103F300008D0582D06D00820515D202904D0102823
:103F400006D016E0102011E0303D04FB00540DE0D7
:103F500081EA810C5FEA0C6C0BD5090701D5612160
:103F600000E04121691A0A3141EA041416F8015FA0
:103F7000E2E72E2D10D01DB11868405DC00734D087
:103F80006846381A012101EBA000052839D2DFE884
:103F900000F02B3E0A13200003A8874224D210C74A
:103FA00016F8015FB9E7B4F1807F1DD20098FF28B1
:103FB0001AD844EA00642AE0B4F5803F14D200988D
:103FC000FF2811D80199FF290ED8000640EA0140C8
:103FD00015E0FF2C08D80098FF2805D80199FF2983
:103FE00002D80299FF2903D9002004B0BDE8F0816E
:103FF0000199000640EA0140029940EA0120044389
:1040000005E008A3F92216A118A0FEF787F8B8F179
:10401000000F04D0204600F089FCC8F80000012001
:10402000E3E700002E2E2F4D6964646C65776172A2
:1040300065732F54686972645F50617274792F4C94
:104040007749502F7372632F636F72652F69707693
:10405000342F6970345F616464722E630000000065
:10406000756E68616E646C65640000004173736511
:104070007274696F6E2022257322206661696C65F7
:1040800064206174206C696E6520256420696E204F
:1040900025730A001022014900F002B88483002031
:1040A0002DE9FC430023006889466C461E464FF00C
:1040B0000A0C01AD0090002094F80080B8FBFCF7DA
:1040C0000CFB1787B8FBFCF884F8008030372F54BE
:1040D000401CC0B2B8F1000FEED106E01F465B1CD9
:1040E000974209DA2F5C01F8017B401EC0B2F5D27D
:1040F00018465B1C904202DB0020BDE8FC832E20AA
:10410000761CF6B2641C01F8010B042ED3D30020F8
:1041100001F8010C4846F0E710B5040006D106A3EB
:104120004FF4317213A116A0FDF7F8FF2146BDE848
:104130001040052000F0DCBF2E2E2F4D6964646C0A
:104140006577617265732F54686972645F5061723C
:1041500074792F4C7749502F7372632F636F726598
:104160002F697076342F6970345F667261672E63D1
:10417000000000007020213D204E554C4C000000F6
:10418000417373657274696F6E20222573222066F5
:1041900061696C6564206174206C696E65202564BA
:1041A00020696E2025730A002DE9F05F4C680646F1
:1041B00093460F4600254FF00108608800F0B8FBD9
:1041C00021784FF0FF3A0907890E814231D8A0EBE0
:1041D0000109E08800F0ACFBC0047C68010C002001
:1041E000206001EB090083B2A180E3808B4220D3E1
:1041F000726829E05068B0F804C0614515D22260A9
:104200006DB1B5F806C0614513D38088834210D8DC
:104210002F60A088844506D04FF0000803E0808816
:10422000834206D877608AB12EE002D0C2889142DC
:1042300002D25046BDE8F09F25B1EA88624501D020
:104240004FF0000802680546002AD3D195B1E888EE
:10425000A188884206D92AA34FF4DB7237A13FA078
:10426000FDF75CFF2F60E888A18888420CD04FF0F2
:10427000000809E0706830B121A34FF4DF7241A15A
:1042800036A0FDF74BFF7760BBF1000F02D1B07F86
:10429000C007CFD0B8F1000F30D07268002A2DD0FF
:1042A00050688088002829D12168204629B14C68AF
:1042B000C088A1888842F7D020E0B8F1000F1DD057
:1042C00032B90FA340F2DF123CA124A0FDF726FF74
:1042D00070684068A04206D109A34FF4F07237A17C
:1042E0001EA0FDF71BFF206830B105A34FF4F1724B
:1042F00036A11AA0FDF712FF01209BE7002099E7E5
:104300002E2E2F4D6964646C6577617265732F542E
:10431000686972645F50617274792F4C7749502FCD
:104320007372632F636F72652F697076342F6970B3
:10433000345F667261672E63000000006368656326
:104340006B20667261676D656E747320646F6E2793
:1043500074206F7665726C61700000004173736544
:104360007274696F6E2022257322206661696C6504
:1043700064206174206C696E6520256420696E205C
:1043800025730A006E6F2070726576696F757320F1
:10439000667261676D656E742C2074686973206D38
:1043A0007573742062652074686520666972737421
:1043B00020667261676D656E7421000073616E69BD
:1043C000747920636865636B0000000076616C6936
:1043D000646174655F646174616772616D3A6E6592
:1043E00078745F70627566213D4E554C4C0000003C
:1043F00070B504460C480D464168A14202D12168BF
:1044000041600AE0002D06D108A340F2451216A132
:104410001CA0FDF783FE206828602146BDE870409F
:10442000042000F065BE0000F00000202E2E2F4D6D
:104430006964646C6577617265732F54686972642E
:104440005F50617274792F4C7749502F7372632FCC
:10445000636F72652F697076342F6970345F66728E
:1044600061672E630000000073616E6974792063D8
:104470006865636B206C696E6B6564206C6973742E
:1044800000000000417373657274696F6E2022250D
:104490007322206661696C6564206174206C696EAA
:1044A0006520256420696E2025730A002DE9F047F8
:1044B000054600240F46A94205D12FA3AB223DA1FA
:1044C0003FA0FDF72BFE002F08D03868A84205D08A
:1044D00029A3AD2244A13AA0FDF720FE6E684FF457
:1044E00080387068818800291AD1006868601422B9
:1044F00005F108017068FBF7ADFE01213046FFF7BA
:10450000A7F8304601F04CFD0446404505D31AA3F8
:10451000BC223AA12AA0FDF701FE304601F014FFAB
:104520006E6812E07068B1460668484601F038FDD2
:104530000444444505D310A3CC2230A120A0FDF7AC
:10454000EDFDA4B2484601F0FFFE002EEAD1394647
:104550002846FFF74DFF314D2888A04205D206A31B
:10456000D2222FA116A0FDF7D9FD2888001B288094
:104570002046BDE8F08700002E2E2F4D6964646C44
:104580006577617265732F54686972645F506172F8
:1045900074792F4C7749502F7372632F636F726554
:1045A0002F697076342F6970345F667261672E638D
:1045B000000000007072657620213D206970720055
:1045C000417373657274696F6E20222573222066B1
:1045D00061696C6564206174206C696E6520256476
:1045E00020696E2025730A00707265762D3E6E6517
:1045F0007874203D3D20697072000000706275661D
:10460000735F6672656564202B20636C656E203C69
:104610003D2030786666666600000000F0000020ED
:1046200069705F72656173735F70627566636F75E1
:104630006E74203E3D2070627566735F66726565BC
:10464000640000002DE9F0471D4F8946064600240E
:104650000022134611461546786822E0D0F814C0AF
:10466000D6F80C80C4450BD1D0F818C0D6F810800D
:10467000C44505D1B0F80CC0B6F80480C44509D0D3
:104680006D1C2AB190F81FC092F81F80C44501D854
:1046900002461946D0F800C0BCF1000F00D0034616
:1046A00060460028DAD11AB11046FFF7FFFE044435
:1046B0004C4501DA012DCBDC2046BDE8F087000037
:1046C000F000002070B50948002544680BE0E07F49
:1046D00020B1401EE0772546246804E02046246887
:1046E0002946FFF7E3FE002CF1D170BDF000002059
:1046F00010B5040006D108A340F2CE2215A118A0DF
:10470000FDF70CFD606908B101F01EFE2046BDE812
:104710001040FFF701BD00002E2E2F4D6964646C20
:104720006577617265732F54686972645F50617256
:1047300074792F4C7749502F7372632F636F7265B2
:104740002F697076342F6970345F667261672E63EB
:104750000000000070637220213D204E554C4C003B
:10476000417373657274696F6E202225732220660F
:1047700061696C6564206174206C696E65202564D4
:1047800020696E2025730A002DE9FC41394C05464D
:104790003748206000268DF8006080208DF80100E9
:1047A000E1208DF802008DF804608DF803608DF82B
:1047B0000560C4F804D04FF40000A060A4F1A0008C
:1047C000E060A03820614FF4C06060612046FCF7D3
:1047D0007DF90746382104F1B000FBF762FD04F1D2
:1047E000B000212101604FF44001C0E9046122487A
:1047F00000F020FD062085F82C0060681F49007835
:1048000085F826006068407885F827006068807821
:1048100085F828006068C07885F82900606800790C
:1048200085F82A006068407985F82B0040F2DC505A
:10483000A88495F82D0040F00A0085F82D0004F1B9
:10484000E800FDF7ECF904F1E800FDF7B8F938B13C
:10485000284601F015F8284600F0BAFFBDE8FC81B3
:1048600017B1FCF73DF8F9E72846FEF737FCF5E706
:10487000008002401C4C0020D8D2000820000020FC
:10488000F0B58DB00E4600252F4630216846FBF767
:1048900008FD30216846FBF704FD344668460022D7
:1048A00016E0042D03D36FF00B000DB0F0BD05EB47
:1048B0004501636840F8213000EB810163894B605A
:1048C0000DB141F8041C236803B98A6024686D1C8B
:1048D000002CE6D1054932894E63C1E9012014223A
:1048E000A1F1B000FCF78DFB3846DEE7CC4C002090
:1048F00010B504464068804702F074F8094A216800
:1049000052688B181A1AB2F1004F03D3084422469A
:10491000054902E0044922461846BDE8104002F06D
:10492000C5B80000D8000020F148000800BA704760
:1049300040BA704710B500F0B7F900F06BFC00F01A
:10494000ABFE08F01DFB03F0B7FBBDE8104002F022
:1049500029B9000090B0FCF7F1FCFDF7A5FAFDF7CE
:1049600075F9FDF77FFAFDF7CBF925A0FDF7D6FB2A
:104970002FA0FDF7D3FB3548FFF78CFB014634A091
:10498000FDF7CCFB35A0FDF7C9FB07F015F83FA0FC
:10499000FDF7C4FB4FF4FA60FBF7A4FF02F0F8FB4D
:1049A000DFF81481454D4FF4FA7741F2883600BFA5
:1049B000FDF73CFAFCF7B4FC04462868201AB8421C
:1049C00004D3042140462C60FCF79CFC6868201A44
:1049D000B042EDD36C6002F067FC58B1AB6838A20E
:1049E0005B1C40216846AB60FDF7A8FB684602F0FF
:1049F000B3FCDDE738A0FDF791FB02F0C9FBD7E778
:104A00000D0A3D3D3D3D3D3D3D3D3D3D3D3D3D3D39
:104A10003D3D3D3D3D3D3D3D3D3D3D3D3D3D3D3DC6
:104A20003D3D3D3D3D3D3D3D3D3D0D0A000000000D
:104A3000202053544D333246343037204C574950A0
:104A40002054435020546573740D0A00284D0020F3
:104A5000202049503A2025730D0A00003D3D3D3D80
:104A60003D3D3D3D3D3D3D3D3D3D3D3D3D3D3D3D76
:104A70003D3D3D3D3D3D3D3D3D3D3D3D3D3D3D3D66
:104A80003D3D3D3D0D0A0D0A000000000D0A576135
:104A90006974696E6720327320666F72206E657468
:104AA000776F726B20746F2073746162696C697ABE
:104AB000652E2E2E0D0A000000040240000000208A
:104AC00048656C6C6F2066726F6D2053544D3332A5
:104AD000202325640D0A00004D61696E3A2054437D
:104AE0005020436C69656E74206E6F7420636F6E26
:104AF0006E65637465642C207265747279696E6783
:104B00002E2E2E0D0A0000002DE9F04100284DD078
:104B1000810704D026A340F2732231A132E0394D3F
:104B2000A0F1080429688C4203D36A680C309042D3
:104B300004D91FA340F27F2233A123E0207900286B
:104B400025D0601A86B2208801F0FAFE07466088F8
:104B500001F0F6FE21884FF4C863002299420DD877
:104B6000618899420AD8B14202D00088B04205D18A
:104B70006868874210D07888B0420DD00CA340F20C
:104B8000952228A1BDE8F04133A0FDF7C7BA08A3DC
:104B90004FF423723AA1F5E72271A868844200D24B
:104BA000AC602046BDE8F04101F0FABDBDE8F081FF
:104BB0002E2E2F4D6964646C6577617265732F5476
:104BC000686972645F50617274792F4C7749502F15
:104BD0007372632F636F72652F6D656D2E630000B6
:104BE0006D656D5F667265653A2073616E69747993
:104BF00020636865636B20616C69676E6D656E74B8
:104C000000000000540000206D656D5F66726565F0
:104C10003A20696C6C6567616C206D656D6F7279A7
:104C2000000000006D656D5F667265653A20696C15
:104C30006C6567616C206D656D6F72793A206E6F7F
:104C40006E2D6C696E6B65643A20646F75626C657D
:104C50002066726565000000417373657274696F48
:104C60006E2022257322206661696C656420617460
:104C7000206C696E6520256420696E2025730A000A
:104C80006D656D5F667265653A20696C6C6567611C
:104C90006C206D656D6F72793A20646F75626C651A
:104CA000206672656500000070B50B480B4C20F063
:104CB00003014FF4C86521600D8000204880087111
:104CC000284601F03DFE01216060017105804580AC
:104CD0002068A06070BD0000734D002054000020CB
:104CE0002DE9F04700286FD0C41C4FF6FC710C4032
:104CF0004FF4C8690C2C01D20C2401E04C457CD83F
:104D000084427AD34148C4F5C86782460189028843
:104D1000891A8EB276E0304601F012FE054600791F
:104D200000286CD12888801B0838A04267D32888C7
:104D300004F11401801B08384FF0010888421DD38C
:104D40003019083087B24F4506D131A340F287327F
:104D50003BA140A0FDF7E2F9384601F0F1FD00214A
:104D600001712988018046802F8085F804800088A1
:104D7000484505D001F0E4FD478001E085F8048056
:104D8000DAF808005646854203D014E0008801F0A6
:104D9000D7FD017911B171688842F7D1B0607168AF
:104DA000884208D0007930B119A340F2B53233A15E
:104DB00028A0FDF7B3F9281971680830884208D98E
:104DC00013A340F2B93200E015E033A121A0FDF7B2
:104DD000A5F9A8070DD00EA340F2BB323AA11DA041
:104DE000FDF79CF90AA340F2BD3243A119A0FDF7DB
:104DF00095F905F10800BDE8F08705E0FFE7DAF86E
:104E00000000865BB74286D80020F4E754000020FB
:104E10002E2E2F4D6964646C6577617265732F5413
:104E2000686972645F50617274792F4C7749502FB2
:104E30007372632F636F72652F6D656D2E63000053
:104E4000696E76616C6964206E6578742070747226
:104E500000000000417373657274696F6E20222533
:104E60007322206661696C6564206174206C696ED0
:104E70006520256420696E2025730A006D656D5FCD
:104E80006D616C6C6F633A20216C667265652D3EB6
:104E900075736564000000006D656D5F6D616C6C1D
:104EA0006F633A20616C6C6F6361746564206D653B
:104EB0006D6F7279206E6F742061626F76652072FB
:104EC000616D5F656E642E006D656D5F6D616C6C0C
:104ED0006F633A20616C6C6F6361746564206D650B
:104EE0006D6F72792070726F7065726C7920616C71
:104EF00069676E65642E00006D656D5F6D616C6C39
:104F00006F633A2073616E69747920636865636BBF
:104F100020616C69676E6D656E74000002490988D6
:104F2000401A80B270470000540000202DE9F05F65
:104F30000646CC1C4FF6FC7004404FF4C86A0C2C9B
:104F400001D20C2401E054452AD88C4228D33E4F8C
:104F50003868864202D37868864206D33BA340F283
:104F6000D12246A14BA0FDF7D9F83868864249D333
:104F700079688E4246D2A6F10805BB46281A87B248
:104F80002888C01B08381FFA80F94C4506D92FA382
:104F90004FF4397249A13FA0FDF7C0F84C4503D941
:104FA0004FF00000BDE8F09F2CD0288801F0C8FC2D
:104FB00080460079002827D004F11400484521D804
:104FC0003819083084B22888504506D11FA340F212
:104FD000163242A12FA0FDF7A1F8204601F0B0FC47
:104FE000DBF80820904201D2CBF8080000210171C3
:104FF0002988018047802C800088504502D001F02C
:105000009FFC44803046CDE72888504506D10FA349
:1050100040F2F52231A11FA0FDF780F838190830C1
:10502000DBF80810B8F8009084B2414504D120465E
:1050300001F086FCCBF80800204601F081FC00213D
:105040000171A0F80090D5E7540000202E2E2F4DBE
:105050006964646C6577617265732F546869726402
:105060005F50617274792F4C7749502F7372632FA0
:10507000636F72652F6D656D2E6300006D656D5FEA
:105080007472696D3A206C6567616C206D656D6F37
:1050900072790000417373657274696F6E20222506
:1050A0007322206661696C6564206174206C696E8E
:1050B0006520256420696E2025730A006D656D5F8B
:1050C0007472696D2063616E206F6E6C79207368F5
:1050D00072696E6B206D656D6F727900696E7661B5
:1050E0006C6964206E657874207074720000000032
:1050F000092806D307A34FF4D57212A118A0FDF713
:105100000DB8002904D0204A52F82000FDF738B924
:10511000704700002E2E2F4D6964646C65776172B4
:1051200065732F54686972645F50617274792F4C93
:105130007749502F7372632F636F72652F6D656DA2
:10514000702E63006D656D705F667265653A2074E0
:10515000797065203C204D454D505F4D4158000011
:10516000417373657274696F6E2022257322206605
:1051700061696C6564206174206C696E65202564CA
:1051800020696E2025730A005CD3000818B100293D
:1051900008D0FDF7F5B804A340F295120EA113A0B4
:1051A000FCF7BCBF704700002E2E2F4D6964646C65
:1051B0006577617265732F54686972645F506172BC
:1051C00074792F4C7749502F7372632F636F726518
:1051D0002F6D656D702E6300696E76616C69642059
:1051E000706F6F6C206465736300000041737365BA
:1051F0007274696F6E2022257322206661696C6566
:1052000064206174206C696E6520256420696E20BD
:1052100025730A0030B5064D002400BF55F8240060
:1052200000F008F8641CA4B2092CF7D330BD0000CC
:105230005CD300088268002111604168C91C21F01C
:105240000301002207E08368521C1B680B6083681F
:1052500019600388194443889342F4DC70470000C6
:1052600010B5092808D308A340F2571212A11AA0BA
:10527000FCF754FF002010BD214951F82000BDE883
:105280001040FDF7CBB800002E2E2F4D6964646CE2
:105290006577617265732F54686972645F506172DB
:1052A00074792F4C7749502F7372632F636F726537
:1052B0002F6D656D702E63006D656D705F6D616C37
:1052C0006C6F633A2074797065203C204D454D50D9
:1052D0005F4D415800000000417373657274696F3F
:1052E0006E2022257322206661696C6564206174DA
:1052F000206C696E6520256420696E2025730A0084
:105300005CD3000810B518B1BDE81040FDF786B8B1
:1053100004A34FF49E720FA113A0FCF7FFFE002020
:1053200010BD00002E2E2F4D6964646C657761728C
:1053300065732F54686972645F50617274792F4C81
:105340007749502F7372632F636F72652F6D656D90
:10535000702E6300696E76616C696420706F6F6C8B
:105360002064657363000000417373657274696F34
:105370006E2022257322206661696C656420617449
:10538000206C696E6520256420696E2025730A00F3
:105390002DE9F0470400DDE90970089D03D03FB115
:1053A00000290DD00DE035A340F2271240A103E003
:1053B00032A34FF4947245A14DA0FCF7AFFE1DE05F
:1053C000554902B9544A03B9534B00266660A6609A
:1053D000DFF848C1C4F814C0E660A68484F82D60E4
:1053E000C4E907654E4D95F800C084F830C02061CF
:1053F000204600F0B7F92046B84710B10020BDE8BC
:10540000F087B24640F28B1840F28D1994F83000C4
:10541000FF2801D184F830A000276E681EE0A64264
:1054200005D116A342463FA131A0FCF777FE7F1CB1
:10543000FF2F05DD11A34A463FA12DA0FCF76EFE0C
:1054400096F8300094F83010884206D1C8B2401C5B
:1054500084F83000002ED9D102E03668002EDED16B
:1054600094F83000FE2806D0401C28706868206040
:1054700020466C60C3E785F800A0F7E72E2E2F4D7D
:105480006964646C6577617265732F5468697264CE
:105490005F50617274792F4C7749502F7372632F6C
:1054A000636F72652F6E657469662E63000000007D
:1054B0006E657469665F6164643A20696E76616CDA
:1054C0006964206E65746966000000006E65746929
:1054D000665F6164643A204E6F20696E697420666D
:1054E000756E6374696F6E20676976656E00000083
:1054F000417373657274696F6E2022257322206672
:1055000061696C6564206174206C696E6520256436
:1055100020696E2025730A00ECD300085D5700084F
:10552000840000206E6574696620616C7265616438
:105530007920616464656400746F6F206D616E79B9
:10554000206E65746966732C206D61782E207375EA
:1055500070706F72746564206E756D62657220691B
:10556000732032353500000070B50C46054603F057
:10557000CDFB21462846BDE8704007F087BE0A688B
:10558000C3689A4204D001B90022C260012070476A
:1055900000207047F8B516460C00054606D113A347
:1055A00040F2CB121EA122A0FCF7B8FD36B90FA322
:1055B0004FF4E6721AA11EA0FCF7B0FD20686968DE
:1055C000884211D000906868306069463046FFF725
:1055D000CBFF3CB1206868600121284600F05EF8EE
:1055E0000120F8BD0020F6E70020F8BD2E2E2F4D3B
:1055F0006964646C6577617265732F54686972645D
:105600005F50617274792F4C7749502F7372632FFA
:10561000636F72652F6E657469662E63000000000B
:10562000696E76616C696420706F696E7465720072
:10563000417373657274696F6E2022257322206630
:1056400061696C6564206174206C696E65202564F5
:1056500020696E2025730A000A6883689A4204D084
:1056600001B90022826001207047002070470000CD
:1056700001000CD00748406807E000BF90F83020D8
:10568000521CD2B28A4203D000680028F6D1002012
:1056900070470000840000207047000070B50D4680
:1056A000040006D10DA340F26D3219A121A0FCF730
:1056B00035FD94F82D0041070ED5C1070CD0E90740
:1056C0000AD06168002907D0000705D5211D2046B2
:1056D000BDE87040FDF7DCBB70BD00002E2E2F4DE5
:1056E0006964646C6577617265732F54686972646C
:1056F0005F50617274792F4C7749502F7372632F0A
:10570000636F72652F6E657469662E63000000001A
:105710006E657469665F69737375655F7265706FD6
:105720007274733A20696E76616C6964206E657478
:1057300069660000417373657274696F6E2022257B
:105740007322206661696C6564206174206C696EE7
:105750006520256420696E2025730A006FF00B0018
:10576000704700002DE9F84F4FF000091D4616461E
:105770000C008246C84600D1114C06B9104E05B93E
:105780000F4DACB1206898B100274A4631465046CB
:10579000FFF762FF424629465046FFF7F0FE002F12
:1057A00004D16A4621465046FFF7F4FEBDE8F88F63
:1057B00001276A4621465046FFF7ECFEE5E7000068
:1057C000ECD3000801498860704700008400002085
:1057D00058B190F82D10CA070ED001F0FE0180F8E4
:1057E0002D10090708D5FCF76BBE04A340F29B32CD
:1057F0000FA117A0FCF792BC704700002E2E2F4D72
:105800006964646C6577617265732F54686972644A
:105810005F50617274792F4C7749502F7372632FE8
:10582000636F72652F6E657469662E6300000000F9
:105830006E657469665F7365745F646F776E3A2036
:10584000696E76616C6964206E657469660000003B
:10585000417373657274696F6E202225732220660E
:1058600061696C6564206174206C696E65202564D3
:1058700020696E2025730A00002800D0C16170479E
:1058800058B190F82D104A070ED501F0FB0180F8B1
:105890002D10C169002907D0084704A340F2064231
:1058A0000FA118A0FCF73ABC704700002E2E2F4D18
:1058B0006964646C6577617265732F54686972649A
:1058C0005F50617274792F4C7749502F7372632F38
:1058D000636F72652F6E657469662E630000000049
:1058E0006E657469665F7365745F6C696E6B5F6427
:1058F0006F776E3A20696E76616C6964206E6574AC
:1059000069660000417373657274696F6E202225A9
:105910007322206661696C6564206174206C696E15
:105920006520256420696E2025730A0010B50400E7
:1059300012D094F82D00410717D440F0040084F8E9
:105940002D0003212046FFF7A9FEE16900290CD0B4
:105950002046BDE810400847BDE8104003A34FF4BF
:1059600078720FA117A0FCF7D9BB10BD2E2E2F4DBA
:105970006964646C6577617265732F5468697264D9
:105980005F50617274792F4C7749502F7372632F77
:10599000636F72652F6E657469662E630000000088
:1059A0006E657469665F7365745F6C696E6B5F7555
:1059B000703A20696E76616C6964206E6574696600
:1059C00000000000417373657274696F6E202225B8
:1059D0007322206661696C6564206174206C696E55
:1059E0006520256420696E2025730A0050B190F867
:1059F0002D10CA070DD141F0010180F82D100321AF
:105A0000FFF74CBE03A34FF454720FA115A0FCF78F
:105A100085BB70472E2E2F4D6964646C657761726B
:105A200065732F54686972645F50617274792F4C8A
:105A30007749502F7372632F636F72652F6E657491
:105A400069662E63000000006E657469665F7365A9
:105A5000745F75703A20696E76616C6964206E655A
:105A600074696600417373657274696F6E202225D4
:105A70007322206661696C6564206174206C696EB4
:105A80006520256420696E2025730A00002200F03D
:105A900001B8000070B5A8B1B1F5803F26D2002949
:105AA00018D004898BB214FA81F5ADB29D421DD392
:105AB000057B2D0610D54268511A00F11002914263
:105AC00014D30CE00AA340F2DF1215A117A0FCF7D3
:105AD00025FB0BE0002070BD42B14268511A4160C5
:105AE000418919444181E1180181F3E7012070BD2A
:105AF0002E2E2F4D6964646C6577617265732F5427
:105B0000686972645F50617274792F4C7749502FC5
:105B10007372632F636F72652F706275662E6300F8
:105B20007020213D204E554C4C00000041737365A0
:105B30007274696F6E2022257322206661696C651C
:105B400064206174206C696E6520256420696E2074
:105B500025730A002DE9FC5F054690460F46104666
:105B6000012A0FD041280DD0B0F5C17F10D0B2F579
:105B7000207F55D042A340F227124DA153A0FCF73D
:105B8000CDFA5CE00246002000F0FEF8044674E026
:105B90000024A1460820FFF763FB060036D005F17C
:105BA000030B2BF00300C0F51470B84200D938463F
:105BB00082460020CDE900807019133020F00301E7
:105BC00053463A46304600F095FC3079800706D0BF
:105BD0002BA34FF4807247A13CA0FCF79FFA9421BD
:105BE000B1EB9B0F06D126A34FF481724DA137A0D4
:105BF000FCF794FA94B1C9F80060A7EB0A00070417
:105C0000B1463F0C4FF00005C4D136E052490120A7
:105C10000870A4B1204600F097FB10E03446ECE792
:105C2000E81C20F00301F81C20F00302881880B261
:105C300000F1100189B2824201D88A4202D90020C3
:105C4000BDE8FC9F0846FFF74BF8041EF8D0002083
:105C5000CDE900806019133020F003013B461A465D
:105C6000204600F047FC2079800706D004A34FF4BB
:105C700091723AA115A0FCF751FA2046E0E7000026
:105C80002E2E2F4D6964646C6577617265732F5495
:105C9000686972645F50617274792F4C7749502F34
:105CA0007372632F636F72652F706275662E630067
:105CB000706275665F616C6C6F633A206572726FBB
:105CC0006E656F757320747970650000417373653C
:105CD0007274696F6E2022257322206661696C657B
:105CE00064206174206C696E6520256420696E20D3
:105CF00025730A00706275665F616C6C6F633A2091
:105D00007062756620712D3E7061796C6F616420E0
:105D100070726F7065726C7920616C69676E656412
:105D200000000000504255465F504F4F4C5F4255B7
:105D30004653495A45206D75737420626520626927
:105D400067676572207468616E204D454D5F414CF8
:105D500049474E4D454E54009000002070627566D4
:105D60005F616C6C6F633A20706275662D3E706186
:105D7000796C6F61642070726F7065726C792061EC
:105D80006C69676E656400002DE9FC4114460E469F
:105D90000746412A08D0012C06D00CA34FF4A57267
:105DA00016A11BA0FCF7BAF90720FFF759FA050066
:105DB0004FF0000008D0CDE9004033461A4639467E
:105DC000284600F097FB2846BDE8FC812E2E2F4D7B
:105DD0006964646C6577617265732F546869726475
:105DE0005F50617274792F4C7749502F7372632F13
:105DF000636F72652F706275662E6300696E7661DF
:105E00006C696420706275665F747970650000006B
:105E1000417373657274696F6E2022257322206648
:105E200061696C6564206174206C696E652025640D
:105E300020696E2025730A007CB51C46DDE9063515
:105E4000C01C20F003004618AE4201D900207CBDE2
:105E50000BB1184400E000200223CDE900230B46DB
:105E600001461A46204600F045FB20467CBD000056
:105E700070B50D4608B1002D08D1BDE8704014A3DF
:105E800040F259321EA12CA0FCF748B90446006824
:105E900020B121892A8911442181F7E7208961896C
:105EA00088420FD00AA340F262322DA122A0FCF753
:105EB00035F9206830B106A340F2633234A11EA048
:105EC000FCF72CF92089298908442081256070BDC0
:105ED0002E2E2F4D6964646C6577617265732F5443
:105EE000686972645F50617274792F4C7749502FE2
:105EF0007372632F636F72652F706275662E630015
:105F0000286820213D204E554C4C2920262620284B
:105F10007420213D204E554C4C29202870726F670B
:105F200072616D6D65722076696F6C617465732046
:105F30004150492900000000417373657274696F14
:105F40006E2022257322206661696C65642061746D
:105F5000206C696E6520256420696E2025730A0017
:105F6000702D3E746F745F6C656E203D3D20702D0A
:105F70003E6C656E20286F66206C617374207062C1
:105F8000756620696E20636861696E2900000000F3
:105F9000702D3E6E657874203D3D204E554C4C0072
:105FA000002102E0491C006889B20028FAD10846A5
:105FB0007047000070B5154613890A461946FFF769
:105FC000C9FD04000CD0294600F042F830B105A309
:105FD00040F224520FA114A0FCF7A0F8204670BD97
:105FE000002070BD2E2E2F4D6964646C6577617240
:105FF00065732F54686972645F50617274792F4CB5
:106000007749502F7372632F636F72652F706275BB
:10601000662E6300706275665F636F7079206661DB
:10602000696C656400000000417373657274696F88
:106030006E2022257322206661696C65642061747C
:10604000206C696E6520256420696E2025730A0026
:106050002DE9F0474FF000070C4605003E466FF073
:106060000F0904D01CB128892189884204D232A3A7
:1060700040F2C9323CA145E06FF0050A6889C11BB6
:106080006089801B814201D3804600E088466068B9
:106090004246811968683844FAF7DCF86889474451
:1060A0004644B84206D224A340F2D9323AA140A0D5
:1060B000FCF734F86089B04206D21FA340F2DA320E
:1060C00045A13BA0FCF72AF86089B04201D82468BA
:1060D00000266889B84202D12D68002765B1002CDE
:1060E00016D060892189884212D1206800280FD0FB
:1060F00011A340F2E93215E0002C1BD00EA34FF49F
:1061000079723CA12AA0FCF709F84846BDE8F0875F
:1061100075B16889298988420AD1286840B106A3E7
:1061200040F2EE3237A122A0FBF7F8FF5046EDE730
:10613000002CA3D10020E9E72E2E2F4D6964646C5A
:106140006577617265732F54686972645F5061721C
:1061500074792F4C7749502F7372632F636F726578
:106160002F706275662E6300706275665F636F7074
:10617000793A20746172676574206E6F7420626969
:106180006720656E6F75676820746F20686F6C6438
:1061900020736F75726365006F66667365745F74F4
:1061A0006F203C3D20705F746F2D3E6C656E00006B
:1061B000417373657274696F6E20222573222066A5
:1061C00061696C6564206174206C696E652025646A
:1061D00020696E2025730A006F66667365745F66BA
:1061E000726F6D203C3D20705F66726F6D2D3E6C4E
:1061F000656E0000705F746F20213D204E554C4C41
:1062000000000000706275665F636F707928292056
:10621000646F6573206E6F7420616C6C6F77207093
:1062200061636B657420717565756573210000008D
:106230002DE9F047002716468946B84620B1B9F146
:10624000000F06D004462CE018A340F20A4223A116
:1062500003E016A340F20B4228A131A0FBF75EFF3A
:106260000020BDE8F0872BB16089984202D8181A47
:1062700083B215E06089C01A85B2B54200D93546AF
:1062800060682A46C11809EB0700F9F7E3FF08EB3D
:1062900005001FFA80F8781987B2701B86B20023B8
:1062A00024680EB1002CDED14046DAE72E2E2F4DA9
:1062B0006964646C6577617265732F546869726490
:1062C0005F50617274792F4C7749502F7372632F2E
:1062D000636F72652F706275662E630070627566FB
:1062E0005F636F70795F7061727469616C3A206985
:1062F0006E76616C69642062756600007062756616
:106300005F636F70795F7061727469616C3A206964
:106310006E76616C696420646174617074720000EF
:10632000417373657274696F6E2022257322206633
:1063300061696C6564206174206C696E65202564F8
:1063400020696E2025730A0070B5040003D0002573
:10635000A07B48B10FE024A34FF437722EA131A0E7
:10636000FBF7DCFE002070BD1FA340F2F12237A135
:106370002CA0FBF7D3FEA07B401E10F0FF00A07303
:1063800023D1207B617B266800F00F0089070CD5A4
:10639000206930B914A340F2FF2232A121A0FBF7FB
:1063A000BDFE2169204688470BE002280FD0012856
:1063B00010D0A0B10CA340F20F3233A119A0FBF70B
:1063C000ADFE6D1CEDB23400C2D1284670BD214631
:1063D000082001E021460720FEF78AFEF1E720466B
:1063E000FEF792FBEDE700002E2E2F4D6964646CE2
:1063F0006577617265732F54686972645F5061726A
:1064000074792F4C7749502F7372632F636F7265C5
:106410002F706275662E63007020213D204E554C12
:106420004C000000417373657274696F6E20222501
:106430007322206661696C6564206174206C696EEA
:106440006520256420696E2025730A0070627566D8
:106450005F667265653A20702D3E726566203E204B
:106460003000000070632D3E637573746F6D5F665E
:106470007265655F66756E6374696F6E20213D207D
:106480004E554C4C00000000696E76616C696420CA
:1064900070627566207479706500000010B5014661
:1064A0000448FEF773FE04480178012901D1002158
:1064B000017010BDD8D200081C0000200649002041
:1064C00008700648006804E0416F09B101F0D6BDCC
:1064D000C0680028F8D1704790000020AC00002070
:1064E0000122AFF30080002902DA494200F0F0B83F
:1064F000FFF7D0BA70B50024DDE90456C0E90041C9
:10650000028143810573467301218173C47370BD99
:106510002DE9F0410D46040006D121A34FF4CC72C1
:106520002BA131A0FBF7FAFD2089A84235D9401BE9
:1065300086B240F2AF170CE0281A85B22089801B82
:10654000208124682CB916A33A4631A126A0FBF776
:10655000E5FD6089A842EFD3207B000715D1608953
:10656000A84212D0607B80070FD4A088001B28446B
:1065700081B22046FEF7DAFC040006D108A340F2FF
:10658000BD1229A118A0FBF7C9FD658125812068EE
:1065900008B1FFF7D9FE00202060BDE8F0810000BF
:1065A0002E2E2F4D6964646C6577617265732F546C
:1065B000686972645F50617274792F4C7749502F0B
:1065C0007372632F636F72652F706275662E63003E
:1065D000706275665F7265616C6C6F633A207020E3
:1065E000213D204E554C4C00417373657274696FA8
:1065F0006E2022257322206661696C6564206174B7
:10660000206C696E6520256420696E2025730A0060
:10661000706275665F7265616C6C6F633A207120A1
:10662000213D204E554C4C006D656D5F7472696D57
:106630002072657475726E65642071203D3D204E38
:10664000554C4C0000280CD0817B491C11F0FF01F7
:10665000817306D103A340F242320EA112A0FBF7D0
:106660005DBD70472E2E2F4D6964646C6577617235
:1066700065732F54686972645F50617274792F4C2E
:106680007749502F7372632F636F72652F70627535
:10669000662E63007062756620726566206F76658F
:1066A00072666C6F77000000417373657274696F76
:1066B0006E2022257322206661696C6564206174F6
:1066C000206C696E6520256420696E2025730A00A0
:1066D00010B520B1B1F5803F06D3012010BD0FA346
:1066E00040F24B2219A109E000290BD043898AB25C
:1066F000934209D209A340F2552217A11EA0FBF72D
:106700000DFDEAE7002010BD446821444160991A5C
:1067100041810189891A0181F4E700002E2E2F4D55
:106720006964646C6577617265732F54686972641B
:106730005F50617274792F4C7749502F7372632FB9
:10674000636F72652F706275662E63007020213D45
:10675000204E554C4C000000696E6372656D656E8D
:10676000745F6D61676E6974756465203C3D20706F
:106770002D3E6C656E000000417373657274696F25
:106780006E2022257322206661696C656420617425
:10679000206C696E6520256420696E2025730A00CF
:1067A0002DE9F041304D04462868844206D22FA3DB
:1067B00040F2DF1239A13FA0FBF7B0FC68688442C9
:1067C00006D32AA34FF4F07244A13AA0FBF7A6FC2B
:1067D000207930B125A340F2E11247A135A0FBF7A3
:1067E0009DFC20884FF4C868404506D91FA34FF48C
:1067F000F27248A12FA0FBF791FC208800F0A0F8CE
:106800000646B44215D0307998B96868864210D0EF
:10681000A868B04200D1AC60308820803088404504
:1068200007D02046FEF77AFB0746308800F088F84C
:106830004780608800F084F8A04212D001790029D6
:106840000FD1A968A14200D1A860218801802188C8
:10685000414506D0FEF762FB0546208800F070F83F
:106860004580BDE8F0810000540000202E2E2F4D01
:106870006964646C6577617265732F5468697264CA
:106880005F50617274792F4C7749502F7372632F68
:10689000636F72652F6D656D2E630000706C756798
:1068A0005F686F6C65733A206D656D203E3D2072A8
:1068B000616D0000417373657274696F6E202225EB
:1068C0007322206661696C6564206174206C696E56
:1068D0006520256420696E2025730A00706C756739
:1068E0005F686F6C65733A206D656D203C20726146
:1068F0006D5F656E64000000706C75675F686F6C3B
:1069000065733A206D656D2D3E75736564203D3D60
:1069100020300000706C75675F686F6C65733A209B
:106920006D656D2D3E6E657874203C3D204D454D66
:106930005F53495A455F414C49474E45440000006A
:106940000149096808447047540000200021074AA3
:1069500052F82130834205D1002042F8210004A0E2
:10696000FBF7DCBB491C0A29F2DB7047948300204B
:10697000544350205365727665723A20436C6965C2
:106980006E742025642072656D6F7665640D0A0053
:106990002DE9F04700F026F8104E114C05464FF057
:1069A0000047307808B1FFF789FD2168002912D02F
:1069B00048682A1ABA420ED20A682260D1E90289CE
:1069C00060600620FEF794FBB8F10002E9D048466B
:1069D00011468847E5E7BDE8F087000090000020F9
:1069E000D8000020FAF79CBC70B515460E46044648
:1069F000B0F1804F06D308A340F2291213A121A0C1
:106A0000FBF78CFBFFF7EEFF20442A463146BDE83A
:106A1000704000F04BB800002E2E2F4D6964646C5E
:106A20006577617265732F54686972645F50617233
:106A300074792F4C7749502F7372632F636F72658F
:106A40002F74696D656F7574732E630054696D657D
:106A50006F75742074696D6520746F6F206C6F6E34
:106A6000672C206D6178206973204C5749505F5521
:106A7000494E5433325F4D41582F34206D73656356
:106A800073000000417373657274696F6E20222574
:106A90007322206661696C6564206174206C696E84
:106AA0006520256420696E2025730A0070B50446B0
:106AB00015460E460620FEF7D3FB78B10021C560CF
:106AC000104A80E85200116831B14B68E51A4FF066
:106AD00000439D4212D30160106070BDBDE870405C
:106AE00009A3BE2215A125A0FBF718BB5568651B9D
:106AF0009D4202D30260086070BD11460A68002AF8
:106B0000F8D0F3E7D80000202E2E2F4D6964646C76
:106B10006577617265732F54686972645F50617242
:106B200074792F4C7749502F7372632F636F72659E
:106B30002F74696D656F7574732E63007379735F5D
:106B400074696D656F75743A2074696D656F7574DD
:106B500020213D204E554C4C2C20706F6F6C204DE9
:106B6000454D505F5359535F54494D454F5554203F
:106B7000697320656D70747900000000417373655E
:106B80007274696F6E2022257322206661696C65BC
:106B900064206174206C696E6520256420696E2014
:106BA00025730A0070B5074D012400BF05EBC40230
:106BB00055F834000449FFF717FF641C032CF5D384
:106BC00070BD0000D4D30008F14800082DE9FF5F34
:106BD0008946040003D0207D01280AD010E004B0CB
:106BE0003AA3BDE8F05F40F23D2244A14AA0FBF782
:106BF00095BA36A34FF4107251A147A0FBF78EFA55
:106C0000207D0A283ED0216D03910025DFF86481A4
:106C1000D4F824B0D4F810A0D4F890602F4680B3F4
:106C20004D46E78A214608F1180003F003F80121D8
:106C300088F80010206F08B104F0EAFCE06E08B19B
:106C400004F0E6FC606F08B104F0E2FC55B1208B63
:106C5000211D0091CDE9017023465A46184603993B
:106C600004F0E8FB204601F023F9002E2CD004B0FC
:106C70005046B446BDE8F04F6FF00C015DF804EBF0
:106C800060470AE03B4821461C3002F0D3FF04B0C5
:106C90002046BDE8F05F01F00BB9E08A0028C9D0BA
:106CA000D8F81000A0420AD1C068C8F8100008E067
:106CB000C168A14202D1E168C16002E00846002833
:106CC000F6D10020E060B5E7BDE8FF9F2E2E2F4DE6
:106CD0006964646C6577617265732F546869726466
:106CE0005F50617274792F4C7749502F7372632F04
:106CF000636F72652F7463702E6300007463705F3E
:106D00006162616E646F6E3A20696E76616C69646F
:106D10002070636200000000417373657274696FD4
:106D20006E2022257322206661696C65642061747F
:106D3000206C696E6520256420696E2025730A0029
:106D4000646F6E27742063616C6C207463705F6184
:106D5000626F72742F7463705F6162616E646F6ED4
:106D600020666F72206C697374656E2D7063627338
:106D700000000000940000200121FFF727BF002839
:106D800003D0027D012A00D18161704710B50C004B
:106D900006D106A340F20F3210A118A0FBF7BEF9EE
:106DA0002046FFF7E9FF6FF00C0010BD2E2E2F4D8F
:106DB0006964646C6577617265732F546869726485
:106DC0005F50617274792F4C7749502F7372632F23
:106DD000636F72652F7463702E6300007463705F5D
:106DE0006163636570745F6E756C6C3A20696E7672
:106DF000616C696420706362000000004173736518
:106E00007274696F6E2022257322206661696C6539
:106E100064206174206C696E6520256420696E2091
:106E200025730A002DE9F04106460120FEF718FA05
:106E3000424D04005BD1A86909E0418BC4680A0790
:106E400004D521F00801418300F022FC20460028EF
:106E5000F3D100221146EC68E86906E0036AE31A00
:106E6000934201D31A460146C0680028F6D111B1F9
:106E70000846FFF781FF0120FEF7F2F9040036D142
:106E8000092001F01DFD0120FEF7EAF904002ED1D2
:106E9000082001F015FD0120FEF7E2F9040026D1DB
:106EA0007F2E01D97F2001E030001BD0401EC1B2EF
:106EB00000231A46EC68A8690EE0477D8F4206D38E
:106EC00009D1D0F820C0A4EB0C0C9C4503D3016A77
:106ED0000246631A3946C0680028EED112B1104646
:106EE000FFF74AFF0120FEF7BBF9040023D09C21E5
:106EF000F9F7D7F94FF486606675A4F8640041008D
:106F000061852185FF21E172411061860621A4F887
:106F10004010E187C91F21860121A4F84810E968C3
:106F20002162A978A177A4F84A000548C4F8840032
:106F30000448C4F894002046BDE8F0819400002085
:106F400001AE000800DD6D00002800D0016170472F
:106F50002DE9F0410D0004464FF0040300D1264D09
:106F6000002C0DD0207D002814D024A340F2AB22A9
:106F70002EA138A0FBF7D2F86FF00500BDE8F08134
:106F80001EA340F2A9223DA132A0FBF7C7F86FF083
:106F90000F00F3E732B13F4E002100BF56F8210049
:106FA000006817E001F03CFF020018D1801EE5E701
:106FB000C78A97420DD148B107683FB135B1D5F8BE
:106FC00000C0BCF1000F01D0674502D16FF007008F
:106FD000D4E7C0680028EBD1491C9942DEDB15B12B
:106FE000286800B120602C48E2820169E1600461F8
:106FF00005F0C8F90020C1E7ECD300082E2E2F4D74
:107000006964646C6577617265732F546869726432
:107010005F50617274792F4C7749502F7372632FD0
:10702000636F72652F7463702E6300007463705F0A
:1070300062696E643A2063616E206F6E6C792062C3
:10704000696E6420696E20737461746520434C4FCF
:1070500053454400417373657274696F6E20222535
:107060007322206661696C6564206174206C696EAE
:107070006520256420696E2025730A007463705FA3
:1070800062696E643A20696E76616C69642070632F
:1070900062000000C4D30008940000202DE9F041F4
:1070A000134E14000F464FF0000508D0114611A0F2
:1070B000FBF734F8756035702046BDE8F08117A005
:1070C000FBF72CF8012030701D493846B56003F0FD
:1070D00045FE1C49384604F081FB1B49384600F048
:1070E0005FFE04221949384602F06CFE0020E4E7F6
:1070F000F800002054435020436C69656E743A20B8
:10710000436F6E6E656374206661696C65642C20E4
:107110006572723D25640D0A000000005443502042
:10712000436C69656E743A20436F6E6E6563746577
:107130006420746F207365727665720D0A0000001A
:10714000B97200081174000851710008B572000886
:1071500010B504A0FAF7E2FF0C480021416001706D
:1071600010BD000054435020436C69656E743A2092
:107170004572726F722025642C20636F6E6E65639A
:1071800074696F6E206C6F73740D0A00F800002034
:1071900038B5194C606808B118A014E001F03CFE45
:1071A000606078B169461EA0FCF7AEFE002501289C
:1071B0000CD01BA11EA0FAF7B1FF606800F02AF9FD
:1071C000656038BD23A0FAF7A9FF38BD00216068CB
:1071D000FFF7BAFE284B40F206426946606800F0AD
:1071E000B9FA0100F1D025A0FAF798FF606800F025
:1071F00011F96560257038BDF80000205443502017
:10720000436C69656E743A20416C726561647920E3
:10721000696E697469616C697A65640D0A000000C1
:107220003139322E3136382E312E313030000000D7
:1072300054435020436C69656E743A20496E766100
:107240006C6964207365727665722049503A202516
:10725000730D0A0054435020436C69656E743A20E4
:107260004661696C656420746F2063726561746542
:10727000205043420D0A00009D70000854435020E6
:10728000436C69656E743A207463705F636F6E6EF1
:10729000656374206661696C65642C206572723D5B
:1072A00025640D0A000000000148007870470000C6
:1072B000F800002000207047F0B5C1B015000F465F
:1072C0004FF0000619D02C89FF2C00D9FF24002391
:1072D000224669462846FEF7ABFF0DF80460694672
:1072E0000BA0FAF71BFF2989384603F0E1FD284679
:1072F000FFF72AF841B00020F0BD0BA0FAF70EFF0F
:10730000384600F087F8134846600670F2E7000040
:1073100054435020436C69656E7420526563763A1D
:107320002025730D0A00000054435020436C69650A
:107330006E743A20436F6E6E656374696F6E20637E
:107340006C6F736564206279207365727665720D67
:107350000A000000F800002070B5114C05462078A6
:1073600061684042084204D1BDE870400DA0FAF7C0
:10737000D5BE2846F8F7A0FF82B2012329466068EF
:1073800005F02CF9010001D011A004E0606801F0C3
:1073900049FE294618A0BDE87040FAF7BFBE0000BC
:1073A000F800002054435020436C69656E743A2005
:1073B0004E6F7420636F6E6E65637465642C20631A
:1073C000616E6E6F742073656E640D0A00000000BC
:1073D00054435020436C69656E743A207463705F47
:1073E0007772697465206661696C65642C206572CA
:1073F000723D25640D0A000054435020436C6965BA
:107400006E742053656E743A2025730D0A000000D7
:107410000020704710B558B1017D012903D0418B80
:1074200041F010014183BDE81040012100F042B855
:1074300004A34FF4F4720FA114A0FAF76FFE6FF0DB
:107440000F0010BD2E2E2F4D6964646C657761723C
:1074500065732F54686972645F50617274792F4C40
:107460007749502F7372632F636F72652F74637047
:107470002E6300007463705F636C6F73653A2069FC
:107480006E76616C6964207063620000417373659D
:107490007274696F6E2022257322206661696C65A3
:1074A00064206174206C696E6520256420696E20FB
:1074B00025730A00FEB50D46040006D145A34FF41E
:1074C000AF7250A157A0FAF729FE28005F4D4FF088
:1074D00000064FF001073ED0207D042801D0072888
:1074E00039D1A06F18B9208DB0F5066F33D0A07ECA
:1074F000C00606D437A34FF4B27255A149A0FAF7DB
:107500000DFE228BE18A201D8DE8070023461846D8
:10751000626A216D03F08EFF204602F025FBA86908
:10752000A04209D1C068A86108E0C168A14202D1A7
:10753000E168C16002E008460028F6D14B48E660E9
:107540002F700068A04202D104F0C6FF38E0204648
:1075500000F0AEFC34E0207D40B101281AD00228B2
:1075600030D02046BDE8FE4000F092B8E08A002806
:10757000EDD02869A04209D1C068286108E0C1683F
:10758000A14202D1E168C16002E008460028F6D1BC
:10759000E660DCE7204601F0F1F92C482146143082
:1075A00002F048FB207D012806D1314BDF2231A1BA
:1075B00003F14400FAF7B2FD21460220FDF798FDE1
:1075C0000020FEBD21482146183002F033FB2F7009
:1075D000BDE700002E2E2F4D6964646C65776172E3
:1075E00065732F54686972645F50617274792F4CAF
:1075F0007749502F7372632F636F72652F746370B6
:107600002E6300007463705F636C6F73655F7368F3
:107610007574646F776E3A20696E76616C69642068
:1076200070636200417373657274696F6E20222506
:107630007322206661696C6564206174206C696ED8
:107640006520256420696E2025730A0094000020BF
:107650007063622D3E666C61677320262054465F1E
:107660005258434C4F53454400000000D4000020C2
:10767000D47E00087463705F667265655F6C6973C1
:1076800074656E3A20214C495354454E0000000069
:1076900070B5050006D116A34FF4CE7220A123A029
:1076A000FAF73CFD287D0526032804D0042802D0E3
:1076B000072816D106E0284604F02AF8040006D16F
:1076C0002E7509E0284604F023F8040002D0601C5F
:1076D00009D004E009202875284601F0A3FC2046C3
:1076E00070BD002070BD688B40F008006883F8E72B
:1076F0002E2E2F4D6964646C6577617265732F540B
:10770000686972645F50617274792F4C7749502FA9
:107710007372632F636F72652F7463702E63000042
:1077200070636220213D204E554C4C0041737365BF
:107730007274696F6E2022257322206661696C6500
:1077400064206174206C696E6520256420696E2058
:1077500025730A002DE9F0471F4604006FF00F055E
:107760000ED0002911D0207D002817D040A34FF45F
:1077700087624BA156A0FAF7D1FCA81DBDE8F0879F
:107780003BA340F235425CA103E039A340F236420C
:1077900060A14FA0FAF7C2FC2846EFE708686060D6
:1077A0002283207A10B1FDF763FF02E0201DFCF771
:1077B0007BFB05006FF0030108D0206818B9281D75
:1077C00004D000682060E68A16B105E00846D5E7D7
:1077D00001F026FBE08238B3204601F051FB4FF068
:1077E0000008C4F824802065401E6064A065E06540
:1077F0004FF4066060852085C4F82C80A4F86000F2
:1078000080106086221D294600F054F960864FF0F2
:107810000109A4F8489002212046C4F8887000F0BD
:10782000A5F9070003D021E06FF00100A6E70220D0
:107830003F4D207586B12869A04209D1C0682861F2
:1078400008E0C168A14202D1E168C16002E00846D7
:107850000028F6D1C4F80C80A869E060AC6104F09F
:1078600091FD85F80090204601F0DCFB384685E765
:107870002E2E2F4D6964646C6577617265732F5489
:10788000686972645F50617274792F4C7749502F28
:107890007372632F636F72652F7463702E630000C1
:1078A0007463705F636F6E6E6563743A2063616EBC
:1078B000206F6E6C7920636F6E6E656374206672E4
:1078C0006F6D20737461746520434C4F53454400C1
:1078D000417373657274696F6E202225732220666E
:1078E00061696C6564206174206C696E6520256433
:1078F00020696E2025730A007463705F636F6E6E7B
:107900006563743A20696E76616C696420706362A5
:10791000000000007463705F636F6E6E6563743A9D
:1079200020696E76616C69642069706164647200BC
:10793000940000202DE9F047DDF820809A4691461A
:107940000D46070005D12DA3A32239A140A0FAF7C7
:10795000E5FB002D05D129A3A42247A13CA0FAF7FD
:10796000DDFB5FEAC87001D0042600E0002603209A
:10797000FDF776FC04001CD084F80A804FF0000864
:10798000C4E900852889B04205D21CA3B02243A1D6
:107990002FA0FAF7C3FB28891421801B20812846D9
:1079A000FEF774F848B1204603F024FE0020BDE83D
:1079B000F0872846FEF7C8FCF8E760684068E0609A
:1079C000F88AFCF7B5FFE1680880388BFCF7B0FF58
:1079D000E16848805046FCF7A9FFE1684860B008BC
:1079E000000300F5A04040EA0900FCF7A1FFE168B0
:1079F0008881E1682046A1F81280D8E72E2E2F4D0D
:107A00006964646C6577617265732F546869726428
:107A10005F50617274792F4C7749502F7372632FC6
:107A2000636F72652F7463705F6F75742E630000EF
:107A30007463705F6372656174655F7365676D65BC
:107A40006E743A20696E76616C69642070636200BE
:107A5000417373657274696F6E20222573222066EC
:107A600061696C6564206174206C696E65202564B1
:107A700020696E2025730A007463705F637265610C
:107A800074655F7365676D656E743A20696E7661C3
:107A90006C6964207062756600000000702D3E7491
:107AA0006F745F6C656E203E3D206F70746C656E08
:107AB0000000000070B50C460546002A06D10BA355
:107AC00040F6C50215A11FA0FAF728FB5CB1A18CF6
:107AD00049B1282902D928398CB200E00024A542F6
:107AE00000D22C462546284670BD00002E2E2F4D74
:107AF0006964646C6577617265732F546869726438
:107B00005F50617274792F4C7749502F7372632FD5
:107B1000636F72652F7463702E6300007463705F0F
:107B20006566665F73656E645F6D73735F6E6574C3
:107B300069663A20696E76616C6964206473745F6B
:107B400069700000417373657274696F6E2022253D
:107B50007322206661696C6564206174206C696EB3
:107B60006520256420696E2025730A002DE9F843FD
:107B7000044600250E46880706D13FA340F2114275
:107B80004A494BA0FAF7CAFA002C06D13AA340F2B0
:107B9000134251A146A0FAF7C1FAB00700D501255A
:107BA000E80700D00420804601464FF420723620BA
:107BB000FDF7D0FF07004FF0FF3929D07989414503
:107BC00006D22DA340F239424BA139A0FAF7A6FA0A
:107BD0000095324639462046E36DFFF7ABFE0500BF
:107BE00016D0287B800706D023A340F2424251A141
:107BF0002FA0FAF793FA2889002806D01EA340F296
:107C0000434252A12AA0FAF789FAE06E38B109E09E
:107C1000608B40F0800060834846BDE8F883E566ED
:107C200004E0084601680029FBD105600020A4F8A3
:107C30006800B00702D0E06D401CE065F00703D09B
:107C4000608B40F0200060836868FEF7A9F9B4F803
:107C5000661008440004000CA4F866000AD0206FE7
:107C600040B9E06E30B904A340F2654242A110A0D1
:107C7000FAF754FA0020D0E72E2E2F4D6964646C79
:107C80006577617265732F54686972645F506172C1
:107C900074792F4C7749502F7372632F636F72651D
:107CA0002F7463705F6F75742E630000F0D400084A
:107CB000417373657274696F6E202225732220668A
:107CC00061696C6564206174206C696E652025644F
:107CD00020696E2025730A007463705F656E71758C
:107CE0006575655F666C6167733A20696E76616C75
:107CF00069642070636200007463705F656E717503
:107D00006575655F666C6167733A20636865636B70
:107D1000207468617420666972737420706275667D
:107D20002063616E20686F6C64206F70746C656E88
:107D3000000000007365672D3E74637068647220F4
:107D40006E6F7420616C69676E6564007463705F48
:107D5000656E71756575655F666C6167733A2069FC
:107D60006E76616C6964207365676D656E74206CF6
:107D7000656E6774680000007463705F656E71758E
:107D80006575655F666C6167733A20696E76616CD4
:107D90006964207175657565206C656E677468002F
:107DA00070B50D4604000BD0207D012806D105A337
:107DB00040F60D020FA119A0FAF7B0F9C4F89050DF
:107DC00070BD00002E2E2F4D6964646C6577617262
:107DD00065732F54686972645F50617274792F4CB7
:107DE0007749502F7372632F636F72652F746370BE
:107DF0002E630000696E76616C696420736F636B3B
:107E0000657420737461746520666F722065727288
:107E10002063616C6C6261636B0000004173736589
:107E20007274696F6E2022257322206661696C6509
:107E300064206174206C696E6520256420696E2061
:107E400025730A0070B5194DA878401CA870AC695C
:107E500028E0A17FA878814223D0A077608BC1075A
:107E600009D040F002006083204601F0DBF8608B0F
:107E700020F00300608380B2010705D520F00800E0
:107E800060832046FFF704FCE668A06F38B100204D
:107E90002870204602F05EFA28780028D7D13446B0
:107EA00000E0E468002CD4D170BD000094000020F4
:107EB00010B50446007D012805D106A3D42211A1E6
:107EC00015A0FAF72BF92146BDE810400120FDF777
:107ED0000FB900002E2E2F4D6964646C65776172B6
:107EE00065732F54686972645F50617274792F4CA6
:107EF0007749502F7372632F636F72652F746370AD
:107F00002E6300007463705F667265653A204C49A9
:107F10005354454E00000000417373657274696FDD
:107F20006E2022257322206661696C65642061746D
:107F3000206C696E6520256420696E2025730A0017
:107F40002DE9F04799460C460646224F2AE0254681
:107F5000D5E90040FEF724F8B6F8661080464145A2
:107F600006D21DA340F2574228A132A0FAF7D6F854
:107F700036F8661FA1EB080030802889398908444B
:107F80003881284603F036FB36F86609002809D008
:107F900054EA090006D110A340F261422FA125A0A6
:107FA000FAF7BCF894B1E0684068FCF7BFFC0546FE
:107FB000E0688089FCF7BCFC800700D001202189A3
:107FC00028440844B969401A0028C0DD2046BDE8AD
:107FD000F0870000B40000202E2E2F4D6964646CE1
:107FE0006577617265732F54686972645F5061725E
:107FF00074792F4C7749502F7372632F636F7265BA
:108000002F7463705F696E2E630000007063622DD1
:108010003E736E645F71756575656C656E203E3D7F
:1080200020706275665F636C656E286E6578742D6E
:108030003E702900417373657274696F6E2022254A
:108040007322206661696C6564206174206C696EBE
:108050006520256420696E2025730A007463705FB3
:10806000726563656976653A2076616C6964207132
:1080700075657565206C656E6774680010B504469B
:10808000406F002803D003F0C3FA0020606710BDE2
:108090000849C888421CCA800A6912B18B88984274
:1080A00003D2C9681431085C7047C01AC0B2105CB2
:1080B00070470000B400002010B5F8F7B9F8034984
:1080C000C0F30D0000F54040888010BD94000020F2
:1080D0002DE9FE4F040005D1DEA38322EAA1F0A022
:1080E000FAF71CF8F84D6068E860608914287DD3C1
:1080F000F64E31687069FBF7AFFA002876D1307D13
:10810000B046C0F303100E2870D0E8688089FCF7F1
:108110000FFC000B81001429E9D320898842E6D3A3
:10812000A1F1140080B268804FF0000AC5F810A0D9
:1081300062898A4204D3A8802046FEF7C9FA32E059
:10814000206828B9C3A3C222E1A1D5A0F9F7E6FFB0
:1081500014212046FEF7BCFA6189A9806888401A7C
:1081600086B22046FEF7B4FA20684189B142BED3F8
:10817000416829613146FEF7ABFA2089801B2081D6
:10818000608928B1B3A3DF22D5A1C5A0F9F7C6FF46
:10819000216820890989884205D0AEA3E022D3A1B5
:1081A000BFA0F9F7BBFFE8680088FCF7C1FB0146F8
:1081B000E86801804088FCF7BBFB0146E868418025
:1081C0004068FCF7B3FB0146E8684160696180687C
:1081D000FCF7ACFB0146E8688160A961C089FCF747
:1081E000A7FB0146E868C181808900E08CE0FCF7CC
:1081F0009FFB00F03F01297020896881890704D026
:10820000411C89B2698188427ED8DFF8009300273B
:10821000D9F8006083E0307D28B98EA3FB22BCA191
:108220009FA0F9F77BFF307D0A2805D189A3FC22A6
:10823000C1A19BA0F9F772FF307D012805D185A36C
:10824000FD22C8A196A0F9F769FF307A38B1D8F8B5
:10825000041091F83010491CC9B288425DD1E86819
:10826000318B0288914258D1F18A4088814254D1A1
:108270007168D8F8102091424FD13168D8F81400B5
:1082800081424AD1F068B04206D172A340F20D1289
:10829000BEA183A0F9F742FF37B1F068F860D9F8C2
:1082A0000010F160C9F80060F068B04206D169A31F
:1082B00040F21512C0A17AA0F9F730FF96B3DFF8AB
:1082C00024835746C8F800A02189A8F80810C8F8E8
:1082D0000440E968C8F80C10C5F81CA085F801A096
:1082E000A5F808A02878000703D5607B40F00100BE
:1082F0006073B06F002878D0304602F02BF80D3054
:1083000007D0B06F002800E0F5E16ED06889002842
:108310006BD0708D002864D0CCE13746F668002E13
:108320007FF479AFB04840F21F194646076827E04E
:10833000387D0A2805D047A34A46ACA158A0F9F7D2
:10834000EDFE387A30B1716891F83010491CC9B22D
:10835000884214D1E8683A8B01888A420FD1F98AA1
:10836000408881420BD178683169884207D13868EA
:108370007169884203D1384604F01EF8BBE1FF68FA
:10838000002FD5D1A54B0021EF681868D6F80490CE
:108390000246D6F8148016E0067A3EB199F830C04D
:1083A0000CF1010C0CF0FF0C66450AD1C68AB7F837
:1083B00002C0664505D10668464507D0002804D0AE
:1083C00036B10146C0680028E6D17FE100283FD0E1
:1083D00019B1C568CD60C260186000F007FB8AE182
:1083E00003E0304603F01EF964E130462E6201F0EE
:1083F0004FFD0D3011D068782C4600070ED5D6F809
:1084000090201AB16FF00D013069904731463F4816
:1084100001F010FC3046FFF74BFD4BE1228942B1E1
:10842000D6F8803023B13146306998470D300CD0F2
:108430002781304600F074F938B9E06930B1B06F87
:1084400028B104A34FF4F372EAE033E10EE1ECE06B
:108450003CE100002E2E2F4D6964646C65776172DB
:1084600065732F54686972645F50617274792F4C20
:108470007749502F7372632F636F72652F74637027
:108480005F696E2E630000007463705F696E7075C3
:10849000743A20696E76616C69642070627566005A
:1084A000417373657274696F6E2022257322206692
:1084B00061696C6564206174206C696E6520256457
:1084C00020696E2025730A00B4000020584D00205A
:1084D000702D3E6E65787420213D204E554C4C0029
:1084E000702D3E6C656E203D3D203000702D3E7439
:1084F0006F745F6C656E203D3D20702D3E6E65781B
:10850000742D3E746F745F6C656E0000AC000020CB
:108510007463705F696E7075743A20616374697614
:1085200065207063622D3E737461746520213D2067
:10853000434C4F53454400007463705F696E70751F
:10854000743A20616374697665207063622D3E73AE
:108550007461746520213D2054494D452D57414992
:10856000540000007463705F696E7075743A206126
:108570006374697665207063622D3E7374617465FF
:1085800020213D204C495354454E00007463705FD8
:10859000696E7075743A207063622D3E6E657874F2
:1085A00020213D2070636220286265666F7265201D
:1085B00063616368652900007463705F696E70753C
:1085C000743A207063622D3E6E65787420213D20E0
:1085D00070636220286166746572206361636865F8
:1085E0002900000084820020B00000207463705FC6
:1085F000696E7075743A2054494D452D5741495460
:10860000207063622D3E7374617465203D3D20547B
:10861000494D452D5741495400000000A800002055
:1086200037A1AFF28410F9F779FDB07EC00606D508
:10863000E069FDF789FE3046FEF79EFB3AE0D6F88A
:1086400084C0BCF1000F05D0002330693146E269D7
:10865000E04705E0002331461846E26902F0D0FB0E
:1086600010F10D0F26D008B1E069B0676078800680
:1086700018D5B06F20B1417B41F02001417311E06A
:10868000308DB0F5066F01D0401C3085D6F884C01F
:10869000BCF1000F06D000231A4631463069E0478E
:1086A0000D3007D03046276200F03AF810B9304656
:1086B00000F0B8FC2F62EF61D8F8040044460028AF
:1086C00002D0FDF741FE6760BDE8FE8FB889FCF778
:1086D0002FF940070FD4E868104A104B01884088F2
:1086E0000092CDE90101698968691B1D42180020CB
:1086F000A96902F09FFE2046BDE8FE4FFDF724BEAB
:108700007063622D3E726566757365645F64617443
:1087100061203D3D204E554C4C000000684D00202E
:1087200010B5040006D110A340F25A221BA125A0C7
:10873000F9F7F4FC2D484078C00612D5A07EC0069B
:1087400006D4D4F890201AB16FF00E01206990473A
:108750002146274801F06EFA2046FFF7A9FB0120C9
:1087600010BD002010BD00002E2E2F4D6964646CDA
:108770006577617265732F54686972645F506172C6
:1087800074792F4C7749502F7372632F636F726522
:108790002F7463705F696E2E630000007463705FF6
:1087A000696E7075745F64656C617965645F636C34
:1087B0006F73653A20696E76616C696420706362DC
:1087C00000000000417373657274696F6E2022258A
:1087D0007322206661696C6564206174206C696E27
:1087E0006520256420696E2025730A00B4000020EE
:1087F000AC00002070B504004FF0000606D112A3B3
:1088000040F624021DA124A0F9F788FC206D401E2B
:10881000FCF78CF8034600223146204600F072FD3A
:1088200005000DD0014633460022204600F0C8FE68
:108830002246231D2946BDE87040104600F050BE78
:108840004FF0FF3070BD00002E2E2F4D6964646C18
:108850006577617265732F54686972645F506172E5
:1088600074792F4C7749502F7372632F636F726541
:108870002F7463705F6F75742E6300007463705F94
:108880006B656570616C6976653A20696E76616CBE
:108890006964207063620000417373657274696F6C
:1088A0006E2022257322206661696C6564206174E4
:1088B000206C696E6520256420696E2025730A008E
:1088C00070B50446082808D0092C06D010A340F241
:1088D000DD621BA11EA0F9F721FC274B00210846F1
:1088E0009A69DB6809E0157DA54205D1156A5D1B13
:1088F0008D4201D329461046D268002AF3D10028C0
:1089000004D0BDE870400021FEF760B970BD0000E2
:108910002E2E2F4D6964646C6577617265732F54D8
:10892000686972645F50617274792F4C7749502F77
:108930007372632F636F72652F7463702E63000010
:10894000696E76616C6964207374617465000000FF
:10895000417373657274696F6E20222573222066DD
:1089600061696C6564206174206C696E65202564A2
:1089700020696E2025730A009400002070B5050060
:1089800007D10F4B40F211120EA103F14400F9F789
:10899000C5FB287D012807D0094B4FF489720CA133
:1089A00003F14400F9F7BAFB0F4E0124294656F8AB
:1089B0002400006802F0FCFA641C042CF6D370BD9D
:1089C000D47E000870636220213D204E554C4C003F
:1089D0007063622D3E7374617465203D3D204C4987
:1089E0005354454E00000000C4D30008FEB5424E6B
:1089F0000546307840071BD4002D06D13FA340F236
:108A000081224BA152A0F9F789FB3078C10610D51D
:108A1000F068594A584B018840880092CDE901011D
:108A2000718970691B1D42182846B16902F002FD68
:108A3000FEBD8007FCD5687DFEF7F4F904004AD03E
:108A40004D4810384169216000696060E88AE08221
:108A5000F06800882083032020757069401C6062E4
:108A6000E062204600F00CFAA06520656064E065D5
:108A70007069401E60652869E5672061687A00F0CA
:108A80000C006072287A20723C480168E160046042
:108A900003F078FC3A4901200870204600F03EFFC0
:108AA000F068C089A4F86000A4F86200201DFBF7FC
:108AB000FBF90146608E221DFEF7FCFF6086122145
:108AC0002046FFF753F888B103B02046BDE8F040D8
:108AD0000021FEF77BB8AB69002BA9D0286903B051
:108AE0004FF0FF32BDE8F040002118472046BDE8B6
:108AF000FE4000F097BA0000B40000202E2E2F4D4B
:108B00006964646C6577617265732F546869726417
:108B10005F50617274792F4C7749502F7372632FB5
:108B2000636F72652F7463705F696E2E630000005F
:108B30007463705F6C697374656E5F696E70757471
:108B40003A20696E76616C6964207063620000008F
:108B5000417373657274696F6E20222573222066DB
:108B600061696C6564206174206C696E65202564A0
:108B700020696E2025730A00684D0020AC0000209B
:108B800094000020002200F001B8000070B51646E5
:108B900005004FF000040CD0287D002813D029A335
:108BA00040F25A3233A141A0F9F7B8FA6FF00E0043
:108BB00043E024A340F2593246A13CA0F9F7AEFAB3
:108BC0006FF00F0039E00220FCF74AFB04001AD0D6
:108BD00028692061E88AE08201202075687D60753F
:108BE000687A607200222272E87AE072A87AA07233
:108BF00028682060E88A98B142490869A8420CD1E7
:108C0000C06808610BE04FF0FF3016E0C168A94270
:108C100002D1E968C16002E008460028F6D1EA60A6
:108C20002846FFF745F93848A061364814300168F6
:108C3000E160046003F0A6FB002006B1307020461E
:108C400070BD00002E2E2F4D6964646C65776172D3
:108C500065732F54686972645F50617274792F4C28
:108C60007749502F7372632F636F72652F7463702F
:108C70002E6300007463705F6C697374656E5F7758
:108C80006974685F6261636B6C6F675F616E645F7C
:108C90006572723A2070636220616C7265616479FA
:108CA00020636F6E6E656374656400004173736565
:108CB0007274696F6E2022257322206661696C656B
:108CC00064206174206C696E6520256420696E20C3
:108CD00025730A007463705F6C697374656E5F77E7
:108CE0006974685F6261636B6C6F675F616E645F1C
:108CF0006572723A20696E76616C69642070636295
:108D000000000000940000208D6D000870B50D4635
:108D100004001DD0206800281AD00E4E2046B169EC
:108D200000F01AF82046316900F016F8002D0FD037
:108D3000286800280CD006F11400026806E01068CC
:108D40002168884201D128681060D268002AF6D1D3
:108D500070BD00009400002070B505000C4612D1D3
:108D60000AA34FF4106215A121A0F9F7D7F90AE080
:108D700020682968884205D12046E668FDF7FCFF97
:108D8000344600E0E468002CF2D170BD2E2E2F4D49
:108D90006964646C6577617265732F546869726485
:108DA0005F50617274792F4C7749502F7372632F23
:108DB000636F72652F7463702E6300007463705F5D
:108DC0006E657469665F69705F616464725F636831
:108DD000616E6765645F7063626C6973743A206981
:108DE0006E76616C6964206F6C645F6164647200AC
:108DF000417373657274696F6E2022257322206639
:108E000061696C6564206174206C696E65202564FD
:108E100020696E2025730A004020FEF703B8000089
:108E2000F0B5154D154A00234FF6FF764FF4404735
:108E30004FF4804E9088401C80B29080B04200D1A8
:108E40009780B2F80440002055F8201009680AE025
:108E5000B1F816C0A44505D15B1C9BB27345E9D39C
:108E60000020F0BDC9680029F2D1401CC0B204281E
:108E7000EAD3A0B2F0BD0000C4D3000894000020E3
:108E800010B5002806D106A340F6AF0210A117A026
:108E9000F9F744F91F49D1E902021044886010BD76
:108EA0002E2E2F4D6964646C6577617265732F5443
:108EB000686972645F50617274792F4C7749502FE2
:108EC0007372632F636F72652F7463702E6300007B
:108ED0007463705F6E6578745F6973733A20696E4E
:108EE00076616C6964207063620000004173736591
:108EF0007274696F6E2022257322206661696C6529
:108F000064206174206C696E6520256420696E2080
:108F100025730A009400002070B50C46050006D1A8
:108F20001EA340F21F422AA133A0F9F7F7F8E86820
:108F30008089FBF7FDFC3A4EC00715D0204602F0B1
:108F400067FB002427E08089FBF7F2FCC00707D00D
:108F50000120FBF7EDFC0146E8688289114381811D
:108F60002046246802F046FBACB1E06822897369B0
:108F700041680A4429891944891AE4D52989CA18FB
:108F8000E1684968521A002A05DDC81A81B22981B0
:108F90006868FDF7BDFA2C6070BD00002E2E2F4DC5
:108FA0006964646C6577617265732F546869726473
:108FB0005F50617274792F4C7749502F7372632F11
:108FC000636F72652F7463705F696E2E63000000BB
:108FD0007463705F6F6F735F696E736572745F73D4
:108FE00065676D656E743A20696E76616C696420A0
:108FF0006373656700000000417373657274696F85
:109000006E2022257322206661696C65642061747C
:10901000206C696E6520256420696E2025730A0026
:10902000B40000202DE9F05F040006D187A340F2D0
:10903000E14293A198A0F9F771F8207D012806D1AB
:1090400082A340F2E3429EA193A0F9F767F8A648F5
:109050000068A04202D10020BDE8F09FB4F8601083
:10906000B4F84800814200D20846E56E81466DB1F1
:109070002146221D084602F0D5F95FEA000A6FF08A
:1090800003012ED054B1206840B10CE0A07E8007CF
:109090006FD52046BDE8F05F02F0C4BA1AF10400B3
:1090A0001FD000682060E8684068FBF73FFC616CF7
:1090B000401A2989421800204A4514D9B4F8602082
:1090C0004A45E3D1216F0029E0D194F89910002995
:1090D000DCD184F89800012184F8991084F89A0072
:1090E000D4E70846B8E784F89900266F83460EB99E
:1090F00098E0064630680028FBD192E0E868808955
:10910000FBF716FC400706D550A340F2365277A174
:1091100061A0F9F703F8206FA8B1618B11F0440F3B
:1091200011D1E06E28B102686AB90089628E90425E
:1091300009D2B4F8640030B1B4F86600092802D24C
:1091400011F0A00F79D0207D022807D01020FBF766
:10915000EFFB0146E868828911438181524621462E
:10916000284600F099FA28B1618B41F080016183B3
:1091700072E766E02868E066207D022803D0608BF5
:1091800020F003006083E8684068FBF7CFFB0746E8
:10919000E8688089FBF7CCFB800700D00120298993
:1091A00038440844216D091A00D52065E868808993
:1091B000FBF7BEFB800700D001202989C8422CD0D4
:1091C000C5F800B0206F68B1E8684068FBF7AEFBF7
:1091D0000746F0684068FBF7A9FB381A1AD504F176
:1091E000700003E0256716E0D8F8000080460068AC
:1091F00050B1C0684068FBF799FB0746E8684068D3
:10920000FBF794FB381AEFD4D8F800002860C8F8B0
:10921000005005E035602E4602E0284602F0EAF9EB
:10922000E56E55B1E8684068FBF780FB616C401A59
:109230002989014449457FF661AFE06E08B9A4F879
:1092400068B0608B20F08000608304E72E2E2F4DE5
:109250006964646C6577617265732F5468697264C0
:109260005F50617274792F4C7749502F7372632F5E
:10927000636F72652F7463705F6F75742E63000087
:109280007463705F6F75747075743A20696E76617F
:109290006C69642070636200417373657274696FF6
:1092A0006E2022257322206661696C6564206174DA
:1092B000206C696E6520256420696E2025730A0084
:1092C000646F6E27742063616C6C207463705F6FD1
:1092D000757470757420666F72206C697374656E36
:1092E0002D70636273000000D4000020525354209C
:1092F0006E6F74206578706563746564206865724C
:10930000652100002DE9FF411D4616460F46040069
:1093100006D10EA340F2427219A123A0F8F7FEFE77
:10932000E08A638D1022218B8DE80F002B46324698
:109330003946606A00F04CF8002803D0628D616AFB
:109340001144E16204B0BDE8F08100002E2E2F4DE3
:109350006964646C6577617265732F5468697264BF
:109360005F50617274792F4C7749502F7372632F5D
:10937000636F72652F7463705F6F75742E63000086
:109380007463705F6F75747075745F616C6C6F631C
:109390005F6865616465723A20696E76616C6964C4
:1093A0002070636200000000417373657274696F1E
:1093B0006E2022257322206661696C6564206174C9
:1093C000206C696E6520256420696E2025730A0073
:1093D0002DE9F05F834688180E46DDE90B981430BE
:1093E00081B21F464FF420722220DDF828A0FCF73E
:1093F000B1FB05002AD0698906F11400814206D22A
:1094000014A340F2237220A12BA0F8F787FE504648
:109410006C68FBF78DFA20804846FBF789FA60807C
:1094200067605846FBF782FAA060B008000300F5B9
:10943000A04080B240EA0800FBF77AFAA0810D98BC
:10944000FBF776FAE0810020208260822846BDE8A2
:10945000F09F00002E2E2F4D6964646C6577617259
:1094600065732F54686972645F50617274792F4C10
:109470007749502F7372632F636F72652F74637017
:109480005F6F75742E630000636865636B2074689A
:1094900061742066697273742070627566206361FE
:1094A0006E20686F6C6420737472756374207463CB
:1094B000705F686472000000417373657274696F55
:1094C0006E2022257322206661696C6564206174B8
:1094D000206C696E6520256420696E2025730A0062
:1094E000FEB51E4617460D00044606D112A340F2F3
:1094F00087721EA128A0F8F711FE32463946204691
:1095000001F090FF18B12CB1E37AA17A04E06FF07A
:1095100003040BE0FF23002100910622CDE9012086
:10952000324639462846FAF7AFFA04462846FCF791
:109530000BFF2046FEBD00002E2E2F4D6964646C8B
:109540006577617265732F54686972645F506172E8
:1095500074792F4C7749502F7372632F636F726544
:109560002F7463705F6F75742E6300007463705F97
:109570006F75747075745F636F6E74726F6C5F7308
:1095800065676D656E743A20696E76616C696420FA
:109590007062756600000000417373657274696FD4
:1095A0006E2022257322206661696C6564206174D7
:1095B000206C696E6520256420696E2025730A0081
:1095C00070B515460C0006D10DA340F2567219A1D4
:1095D00022A0F8F7A3FD6068EA0700F1140100D0AB
:1095E000042210441430884208D0BDE8704004A31F
:1095F00040F2757223A119A0F8F790BD70BD00006C
:109600002E2E2F4D6964646C6577617265732F54DB
:10961000686972645F50617274792F4C7749502F7A
:109620007372632F636F72652F7463705F6F7574ED
:109630002E6300007463705F6F75747075745F667D
:10964000696C6C5F6F7074696F6E733A20696E76C7
:10965000616C696420706275660000004173736517
:109660007274696F6E2022257322206661696C65B1
:1096700064206174206C696E6520256420696E2009
:1096800025730A006F7074696F6E73206E6F74209B
:1096900066696C6C656400002DE9FE4317460C4654
:1096A000050006D13DA34FF4B76249A150A0F8F7D9
:1096B00035FD002C06D139A340F2B95256A14CA079
:1096C000F8F72CFD002F06D134A340F2BA525AA16C
:1096D00047A0F8F723FD284600F0CCF810B1002091
:1096E000BDE8FE83606AFBF721F9E9688860608D58
:1096F000FBF71EF9E968C881618D606A0844E06281
:10970000EE68A87A1436C0070AD0221D39464FF4F5
:109710000670FEF7CFF940F00170FBF707F901C6BC
:10972000B4F930004FF00008002801DAA4F83080C6
:10973000606B38B9494800686063E8684068FBF7C7
:10974000F5F8A0636968A8898A88801A4A89121A7C
:109750004A8169680A89101A08816968E86848605E
:10976000E968A1F81080A87AE968C00700D0042051
:1097700014300844B04206D008A340F21C6238A15D
:109780001BA0F8F7CBFCA07A06218DE88300E37AD2
:10979000221D21466868FAF777F9A1E72E2E2F4D92
:1097A0006964646C6577617265732F54686972646B
:1097B0005F50617274792F4C7749502F7372632F09
:1097C000636F72652F7463705F6F75742E63000032
:1097D0007463705F6F75747075745F7365676D65C2
:1097E0006E743A20696E76616C69642073656700F7
:1097F000417373657274696F6E202225732220662F
:1098000061696C6564206174206C696E65202564F3
:1098100020696E2025730A007463705F6F75747021
:1098200075745F7365676D656E743A20696E7661F5
:109830006C696420706362007463705F6F7574702C
:1098400075745F7365676D656E743A20696E7661D5
:109850006C6964206E65746966000000A0000020D9
:109860006F7074696F6E73206E6F742066696C6CB4
:109870006564000010B5040006D107A340F29A52B7
:1098800012A11CA0F8F74AFC6068807B012801D077
:10989000012010BD002010BD2E2E2F4D6964646C78
:1098A0006577617265732F54686972645F50617285
:1098B00074792F4C7749502F7372632F636F7265E1
:1098C0002F7463705F6F75742E6300007463705F34
:1098D0006F75747075745F7365676D656E745F62C4
:1098E0007573793A20696E76616C69642073656777
:1098F00000000000417373657274696F6E20222549
:109900007322206661696C6564206174206C696EE5
:109910006520256420696E2025730A002DE9F04139
:10992000060006D11DA340F27D7229A12FA0F8F7F1
:10993000F5FB384C6088002818D00020E0804FF4F8
:1099400006750FE0FEF7A4FB00280FD0012809D010
:1099500002280DD0FEF79CFB022807D3E1880844BB
:10996000801EE080E08861888842EBD3BDE8F0810A
:10997000FEF78EFB0428F9D1E0886188801C8842BC
:10998000F4D8FEF785FB0702FEF782FB3843A842B6
:1099900000D800B928467086E4E700002E2E2F4D2F
:1099A0006964646C6577617265732F546869726469
:1099B0005F50617274792F4C7749502F7372632F07
:1099C000636F72652F7463705F696E2E63000000B1
:1099D0007463705F70617273656F70743A20696E42
:1099E00076616C6964207063620000004173736586
:1099F0007274696F6E2022257322206661696C651E
:109A000064206174206C696E6520256420696E2075
:109A100025730A00B40000202DE9F05F83460AA8F0
:109A20005FEA030890E8400615460C460F4605D14C
:109A300020A3E8222CA135A0F8F770FB002E05D159
:109A40001CA3E9223BA131A0F8F768FBAC4214D279
:109A50005FEA897009D4B07E40060ED4BAF1000FD7
:109A600003D0F06E08B9306F38B104F21B2020F03B
:109A70000300A84200D80546AFB24FF42072394621
:109A80005846FCF767F8050011D0286830B109A3E3
:109A900040F20B122FA11DA0F8F740FB6889001BB4
:109AA000A8F800002C816C812846BDE8F09F0020BA
:109AB000FBE700002E2E2F4D6964646C65776172A0
:109AC00065732F54686972645F50617274792F4CAA
:109AD0007749502F7372632F636F72652F746370B1
:109AE0005F6F75742E6300007463705F70627566DB
:109AF0005F707265616C6C6F633A20696E76616C41
:109B00006964206F76657273697A65004173736565
:109B10007274696F6E2022257322206661696C65FC
:109B200064206174206C696E6520256420696E2054
:109B300025730A007463705F706275665F7072658A
:109B4000616C6C6F633A20696E76616C6964207039
:109B5000636200006E65656420756E636861696E9E
:109B6000656420706275660070B504001FD0207DAA
:109B700000281BD00A2819D0012817D0A06F002573
:109B800010B1FCF7E1FBA567606F10B12046FEF74E
:109B900075FA4FF0FF302086E06E01F039FD206F3E
:109BA00001F036FDE5662567A4F8685070BDBDE894
:109BB000704003A340F651020DA114A0F8F7AEBA0D
:109BC0002E2E2F4D6964646C6577617265732F5416
:109BD000686972645F50617274792F4C7749502FB5
:109BE0007372632F636F72652F7463702E6300004E
:109BF0007463705F7063625F70757267653A206945
:109C00006E76616C696420706362000041737365F5
:109C10007274696F6E2022257322206661696C65FB
:109C200064206174206C696E6520256420696E2053
:109C300025730A0070B50C00054606D129A340F62D
:109C4000830234A13AA0F8F769FA002D06D125A3C2
:109C500040F6840240A136A0F8F760FA2868A042D6
:109C600009D1C068286008E0C168A14202D1E1685A
:109C7000C16002E008460028F6D100252046E560D4
:109C8000FFF772FF207D0A280DD0012826D0608BB7
:109C9000C10708D040F0020060832046FFF7C2F9F8
:109CA000207D01281AD0E06E30B10EA340F6930259
:109CB00031A11FA0F8F732FA206F30B109A340F6A6
:109CC000940233A11AA0F8F729FA606F30B105A306
:109CD00040F6960235A116A0F8F720FA2575E58220
:109CE00070BD00002E2E2F4D6964646C6577617223
:109CF00065732F54686972645F50617274792F4C78
:109D00007749502F7372632F636F72652F7463707E
:109D10002E6300007463705F7063625F72656D6FC5
:109D200076653A20696E76616C69642070636200C2
:109D3000417373657274696F6E20222573222066E9
:109D400061696C6564206174206C696E65202564AE
:109D500020696E2025730A007463705F7063625F10
:109D600072656D6F76653A20696E76616C69642004
:109D70007063626C69737400756E73656E742073C2
:109D800065676D656E7473206C65616B696E6700E5
:109D9000756E61636B6564207365676D656E747362
:109DA000206C65616B696E67000000006F6F736502
:109DB00071207365676D656E7473206C65616B6986
:109DC0006E67000070B515460E46040003D0207D76
:109DD000012809D00FE0BDE8704009A340F63D021C
:109DE00013A119A0F8F79AB905A340F63E0220A1E5
:109DF00015A0F8F793F9C4F88C60657770BD000082
:109E00002E2E2F4D6964646C6577617265732F54D3
:109E1000686972645F50617274792F4C7749502F72
:109E20007372632F636F72652F7463702E6300000B
:109E30007463705F706F6C6C3A20696E76616C69E8
:109E40006420706362000000417373657274696F0F
:109E50006E2022257322206661696C65642061741E
:109E6000206C696E6520256420696E2025730A00C8
:109E7000696E76616C696420736F636B65742073BF
:109E80007461746520666F7220706F6C6C000000E6
:109E90002DE9FE4F040006D1DDA34FF44772E9A17E
:109EA000EFA0F8F73BF9F84D287841072CD5217D34
:109EB000022905D0626A6869824206D189B117E039
:109EC000206DA969884213D041E2811AFCD4218D0A
:109ED0001144401A0028F7DC608B40F002006083D8
:109EE00035E2CBA34FF44E72E8A1DDA0F8F716F9E6
:109EF000687840F008006870608B20F00100608393
:109F00006FF00D00BDE8FE8F800704D5207D02288C
:109F100001D00328E0D1A07EC00602D4E348006847
:109F200020624FF0000884F89B8084F89A802046D5
:109F3000FFF7F4FCDE4B227D03F110000421DFF873
:109F400074A3DD4FDD4E921E14334FF001094FF024
:109F50000A0B082AB8D2DFE802F00487F2F6EFF223
:109F6000EEED2A78D606AFD5920767D5626CAE695A
:109F7000521CB24262D16869421C62626664E2624B
:109F8000EA68401ED289A4F86020A4F862206065C7
:109F90002175201DF9F788FF0146608E221DFDF70F
:109FA00089FD41F21C116086B1EB400F01D24200E5
:109FB00000E00A46B2EB800F01D9810003E0B1EB6B
:109FC000400F00D24100A4F84810B4F8660030B940
:109FD0008FA34FF45B72BAA1A1A0F8F79FF8B4F871
:109FE0006600401EA4F86600256FBDB12868206792
:109FF000284601F0FFFA206FE0B1A4F8308084F821
:10A00000428000BFD4F88830002B3FF465AF0022B7
:10A010002146206998470D304DD05DE7E56E35B992
:10A020007BA34FF45D72ACA18DA0F8F777F8286898
:10A03000E066DDE74FF0FF302086E3E7E9680A8855
:10A0400049888DE807006989686942182046A9692E
:10A0500001F0F0F994F84200062804D2A4F8308008
:10A06000204601F0BBF872E12A78D60657D5626C1B
:10A07000AE69B21A012A45D4226DB21A002A41DC17
:10A080002175E06FA0B1806948B961A34FF46A728D
:10A0900096A173A0F8F742F8E06F806940B1E16FD4
:10A0A000206900228B692146984738B10D3002D0D3
:10A0B0002046FCF761FE6FF00C0023E7204600F01D
:10A0C000CBF9288908B1401E2881618E41F21C100D
:10A0D000B0EB410F01D24A0000E00246B2EB810F23
:10A0E00001D9880003E0B0EB410F00D24800A4F88A
:10A0F00048006878800611D5608B40F002006083CC
:10A10000072057E0E9680A8849888DE807006989CF
:10A11000686942183146204601F08CF917E1900732
:10A1200007D5606A6969401E884202D1204600F066
:10A130006BFF0CE1FBE057E03EE004E0FFE7204668
:10A1400000F08AF9D5E7204600F086F968788006A5
:10A1500028784FEAC06024D5002805DA206DA96967
:10A16000884201D1E06E28B1608B40F0020060832C
:10A1700008201FE0608B40F0020060832046FFF75C
:10A18000F3FC3068A04209D1C0683060C5E0C16806
:10A19000A14202D1E168C160BFE008460028F6D1C3
:10A1A000BBE0002833DA206DA96988422FD1E06E28
:10A1B00068BB06202075CAE0204600F04DF968789B
:10A1C000800624D5608B40F0020060832046FFF7B4
:10A1D000CBFC3068A042D7D003E0C168A142D9D0FF
:10A1E00008460028F9D198E0204600F035F9287893
:10A1F000C0060CD5206DA969884208D1E06E30B93F
:10A200002046FFF7B1FC3068A042BDD083E09EE05D
:10A210002E2E2F4D6964646C6577617265732F54BF
:10A22000686972645F50617274792F4C7749502F5E
:10A230007372632F636F72652F7463705F696E2E24
:10A24000630000007463705F70726F636573733ACC
:10A2500020696E76616C69642070636200000000A2
:10A26000417373657274696F6E20222573222066B4
:10A2700061696C6564206174206C696E6520256479
:10A2800020696E2025730A00B40000207463705F9B
:10A29000696E7075743A207063622D3E73746174D8
:10A2A0006520213D20434C4F53454400A000002031
:10A2B000584D002094000020B0000020AC00002089
:10A2C0007063622D3E736E645F71756575656C6554
:10A2D0006E203E20300000006E6F207365676D6554
:10A2E0006E7420746F206672656500007063622D65
:10A2F0003E6C697374656E65722D3E616363657053
:10A300007420213D204E554C4C000000C168A142F4
:10A310003FF440AF08460028F8D18AF8009084F84E
:10A3200014B03868E0603C6002F02CF80FE0204682
:10A3300000F092F82878C00609D5206DA9698842F6
:10A3400005D1E06E18B9687840F010006870002000
:10A35000D8E500002DE9F04104000DD0A56F0020E4
:10A360006E7BA067D4F88470002F10D000232A469B
:10A3700021462069B84710E017A340F2096222A1E4
:10A380002BA0F7F7CBFE6FF00F00BDE8F0810023A4
:10A390002A462146184600F033FD6FF00C0728B11D
:10A3A0000D3017D06FF00400A567EEE7B0060FD5AB
:10A3B000208DB0F5066F01D0401C2085D4F8845064
:10A3C00035B100231A4621462069A8470D3001D037
:10A3D0000020DAE73846D8E72E2E2F4D6964646CEA
:10A3E0006577617265732F54686972645F5061723A
:10A3F00074792F4C7749502F7372632F636F726596
:10A400002F7463702E6300007463705F70726F63EB
:10A410006573735F726566757365645F64617461AB
:10A420003A20696E76616C69642070636200000096
:10A43000417373657274696F6E20222573222066E2
:10A4400061696C6564206174206C696E65202564A7
:10A4500020696E2025730A002DE9F047040006D11B
:10A46000E1A340F27B42EDA1F3A0F7F757FE207D78
:10A47000042806D2DCA340F27C42F9A1EEA0F7F753
:10A480004DFEFE4D4FF6FF774FF000062878C006D0
:10A490007ED5B4F86020A16D636D686902EB010898
:10A4A000B3EB000C0BD4834202D1AB69CB1A06D4B8
:10A4B000AB69994210D1E968C98991420CD9E96820
:10A4C000C989A4F86010B4F862208A4201D2A4F8C5
:10A4D00062106065A869A065626CA869811A00298C
:10A4E0002EDC698949BBB4F86030A16D194441453F
:10A4F00023D1B4F9301000291FDB82421DD194F81A
:10A500004300411CC9B2814201D984F8431094F838
:10A51000430003280CD9B4F84810608E084480B278
:10A52000884202D3A4F8480003E0A4F8487000E091
:10A5300002D3204600F0DEFD8EE084F843608BE01D
:10A54000012977D4226D821A002A73DC628B5307AB
:10A5500008D522F004026283B4F84A20A4F8482007
:10A56000A4F86A6084F84260E28FB4F93C3089B2A2
:10A5700002EBE302A4F8402084F843606064207D8D
:10A58000042831D3B4F84800B4F84A20904200E0DF
:10A5900082E015D2628B120501D5012200E0022271
:10A5A000638E53439AB28A4200D81146014489B25D
:10A5B000814202D3A4F8481016E0A4F8487013E0D2
:10A5C000B4F86A20114489B2914202D3A4F86A1007
:10A5D00001E0A4F86A70B4F86A10814204D3091A41
:10A5E000A4F86A10618EE1E7D4E91B31A4A22046E9
:10A5F000FDF7A6FC20670346A3A22046E16EFDF707
:10A600009FFCE066216F19B12686267720B105E010
:10A610004FF0FF322286F8E7A4F86860B4F86420AF
:10A620002B891A44A4F86420628B120514D511B149
:10A63000C86802E00DE038B1C0684068FAF776F902
:10A64000E16C081A002807DC608B20F4006060834E
:10A6500002E0204600F0E6FF606BE8B1A16BAA695A
:10A66000891A19D58A490988081AB4F93C10A0EB4F
:10A67000E10000B2014409B2A187002801DA40429A
:10A6800000B2B4F93E20A0EBA2001044E08700EB3A
:10A69000E100A4F840006663B5F80AC0BCF1000F01
:10A6A0007ED0207D07287BD2616A6A69DFF8E4A149
:10A6B000881AA946012849D402EB0C054D1B6D1CD4
:10A6C000002D43DCDAF80450804635B946A340F249
:10A6D000945271A158A0F7F721FDB84506D342A3C3
:10A6E00040F2955270A154A0F7F718FDDAF8040073
:10A6F0001FFA88F7D0460089B84206D23AA340F242
:10A7000097526DA14CA0F7F709FDB8F80810C91BC6
:10A71000A8F80810D8F804000089C01B81B204E032
:10A7200029816E81381A2D6887B26889B842F7D3BB
:10A7300039462846FBF7CCFF606AC9F81400D8F800
:10A740000C104860616A401A07D593E2501A04D58C
:10A75000608B40F0020060838CE2208D0A46014449
:10A76000D9F814004F46411A491C0029EDDC8242F9
:10A7700038D1DAF80C0055468089FAF7D9F8800705
:10A7800000D001202989B846084480B27881218D03
:10A79000814228D2E8688089FAF7CAF8C00700E049
:10A7A0006DE20ED0E8688089FAF7C2F8C0F3440081
:10A7B0004000FAF7BDF8E9688A8922F47C52104318
:10A7C0008881208D2881E8688089FAF7B1F88007B0
:10A7D00002D52889401E288129896868FBF798FEE0
:10A7E000E86871E08DE18BE02E2E2F4D6964646C7A
:10A7F0006577617265732F54686972645F50617226
:10A8000074792F4C7749502F7372632F636F726581
:10A810002F7463705F696E2E630000007463705F55
:10A82000726563656976653A20696E76616C696404
:10A830002070636200000000417373657274696F79
:10A840006E2022257322206661696C656420617424
:10A85000206C696E6520256420696E2025730A00CE
:10A860007463705F726563656976653A2077726FAD
:10A870006E6720737461746500000000B4000020EE
:10A88000756E61636B656400756E73656E74000050
:10A89000A000002084820020696E7365672E7020FE
:10A8A000213D204E554C4C00696E73616E65206FE2
:10A8B00066667365742100007062756620746F6F40
:10A8C0002073686F727421008089FAF731F880076D
:10A8D00000D001202989084481B2A8F80A10238DEC
:10A8E000626AD8F814001A440844904208D0AFF2C3
:10A8F000081340F2CB52E9A1AFF2C400F7F70EFC07
:10A90000606F002873D0E8688089FAF711F8C007F3
:10A9100004D107E00168616700F06CFE606F0028F9
:10A92000F8D164E0676F1EE08889FAF701F8C00784
:10A9300015D0E8688089F9F7FBFF80070FD4012064
:10A94000F9F7F6FFE9688A8910438881F9F7F0FF83
:10A95000800700D0012029890844A8F80A00384659
:10A960003F6800F047FEDFB3F9683A89D8F8143041
:10A9700048680244B8F80A001844801AD4D5B8F8D8
:10A980000A20D8F814108B18FA6852689B1A002B0A
:10A990002CDD501A2881E8688089F9F7C9FF800703
:10A9A00002D52889401E288129896868FBF7B0FDF7
:10A9B000E8688089F9F7BCFF800700D00120298969
:10A9C000084481B2A8F80A10D8F814000844F968BD
:10A9D000496888420AD0AFF2F01340F2FC5200E01E
:10A9E00004E0BCA1AFF2B010F7F798FB6767B8F8C6
:10A9F0000A00D8F81410474601446162218D814253
:10AA000008D2AFF21C2340F20762C1A1AFF2D81006
:10AA1000F7F784FB208D7989401A2085204601F0C4
:10AA200063FD6868018909B1F8616E60E868808932
:10AA3000F9F77EFFC00752D0787840F02000787098
:10AA40004DE079618089F9F773FF800700D001201C
:10AA50002A89616A114408446062E8688089F9F7CC
:10AA600067FF800700D0012029890844218D884292
:10AA700008D9AFF28C2340F22B62ADA1AFF248208F
:10AA8000F7F74CFBE8688089F9F752FF800700D0A0
:10AA9000012029890844218D081A2085204601F0CB
:10AAA00023FD6968088930B1F86910B1FBF7E0F956
:10AAB00000E0F9616E60E8688089F9F739FFC00746
:10AAC00008D0787840F020007870207D042801D1EB
:10AAD0000720207528686067284600F08BFD656FA9
:10AAE00025B1E868626A41689142AAD0608BC107CB
:10AAF00002D020F00100CEE040F001006083BDE80C
:10AB0000F087656F9DB10026C846E96849688142B3
:10AB100012D1BAF80800298988420CD98E4800F071
:10AB200013FD002807D08EB33060294625E08A48FF
:10AB300000F00AFD60679DE016B3F2685268821A61
:10AB4000012A25D4421A521C002A21DC824800F036
:10AB5000FBFC070013D0F068318940684218D8F830
:10AB60001410521A002A05DD081A81B2318170686A
:10AB7000FBF7CEFC294638463760FEF7CDF979E081
:10AB8000421A05D5744800F0DFFCE8B36067CCE7F3
:10AB90002A682E46CABB411A002968DDE868808908
:10ABA000F9F7C6FEC00765D16B4800F0CDFC286000
:10ABB00050B3E8684646416828890A18D8F8140056
:10ABC000121A002A05DD401A81B229816868FBF754
:10ABD0009FFC218D606A7269084471891144081ACA
:10ABE000002847DD2868C0688089F9F7A1FEC00702
:10ABF00013D02868C0688089F9F79AFEC0F3440032
:10AC00004000F9F795FE01E030E030E02968C968BE
:10AC10008A8922F47C5210438881A08C218D0844BB
:10AC2000B18A401A81B22868018128684068FBF720
:10AC30006FFC2868C0688089F9F77AFE800700D029
:10AC4000012029680989084480B27081228D616AD7
:10AC500011447269104488420CD0AFF274434FF42F
:10AC6000DF620EA1AFF23040F7F758FA02E01500AC
:10AC70007FF44BAF2046BDE8F04700F0D3BC606ADC
:10AC800069690A1A06D4228D1044081A401C00284B
:10AC90007FF735AF608B40F002002FE77463705F81
:10ACA000726563656976653A207365676D656E7474
:10ACB000206E6F74207472696D6D656420636F72AD
:10ACC000726563746C7920746F207263765F776E3F
:10ACD000640A00007463705F726563656976653A43
:10ACE000207365676D656E74206E6F742074726971
:10ACF0006D6D656420636F72726563746C79207426
:10AD00006F206F6F7365712071756575650A00003E
:10AD10007463705F726563656976653A2074637009
:10AD20006C656E203E207263765F776E640A000069
:10AD30007463705F726563656976653A206F6F73DF
:10AD40006571207463706C656E203E207263765F5F
:10AD5000776E640A000000008482002070B50D4602
:10AD600004000BD0207D012806D105A340F2DF723C
:10AD70000FA119A0F7F7D2F9C4F8845070BD0000F4
:10AD80002E2E2F4D6964646C6577617265732F5444
:10AD9000686972645F50617274792F4C7749502FE3
:10ADA0007372632F636F72652F7463702E6300007C
:10ADB000696E76616C696420736F636B6574207370
:10ADC0007461746520666F722072656376206361BA
:10ADD0006C6C6261636B0000417373657274696FC0
:10ADE0006E2022257322206661696C65642061747F
:10ADF000206C696E6520256420696E2025730A0029
:10AE000010B51446080008D0002C10D0218900F09D
:10AE10004FF82046FBF798FA0AE008A34FF4D362F4
:10AE200012A119A0F7F77AF96FF00F0010BD0BB15E
:10AE3000002010BDBDE81040FCF7ECBA2E2E2F4DBF
:10AE40006964646C6577617265732F5468697264B4
:10AE50005F50617274792F4C7749502F7372632F52
:10AE6000636F72652F7463702E6300007463705F8C
:10AE7000726563765F6E756C6C3A20696E76616C94
:10AE80006964207063620000417373657274696F56
:10AE90006E2022257322206661696C6564206174CE
:10AEA000206C696E6520256420696E2025730A0078
:10AEB00070B50D46040003D0207D012809D00FE0B5
:10AEC000BDE8704014A340F2CF321FA124A0F7F7D1
:10AED00025B911A340F2D2322BA121A0F7F71EF918
:10AEE000218D4FF40662481980B2904201D8814208
:10AEF00001D9228500E02085204601F0F5FAB0F561
:10AF0000067F08D3608B40F0020060832046BDE8D6
:10AF10007040FEF787B870BD2E2E2F4D6964646CAB
:10AF20006577617265732F54686972645F506172EE
:10AF300074792F4C7749502F7372632F636F72654A
:10AF40002F7463702E6300007463705F72656376A4
:10AF500065643A20696E76616C6964207063620092
:10AF6000417373657274696F6E20222573222066A7
:10AF700061696C6564206174206C696E652025646C
:10AF800020696E2025730A00646F6E277420636148
:10AF90006C6C207463705F72656376656420666FA5
:10AFA00072206C697374656E2D70636273000000AB
:10AFB00070B50D00044606D1084BFF2208A103F12D
:10AFC0004400F7F7ABF8002004E0E16FA94200D19C
:10AFD000E067E468002CF8D170BD0000D47E000862
:10AFE0007463705F72656D6F76655F6C69737465AD
:10AFF0006E65723A20696E76616C6964206C697363
:10B0000074656E65720000002DE9F041040006D100
:10B010001BA340F2C16227A12CA0F7F77FF8256F90
:10B020006FF005061DB12846FEF724FC10B130462E
:10B03000BDE8F081286804F16C06206700E03668FE
:10B04000306850B1C0684068F9F770FC0746E8689E
:10B050004068F9F76BFC381AF1D430682860356025
:10B060002868002108B9A4F8681094F84200FF2865
:10B0700002D2401C84F8420000206163D8E700003F
:10B080002E2E2F4D6964646C6577617265732F5441
:10B09000686972645F50617274792F4C7749502FE0
:10B0A0007372632F636F72652F7463705F6F757453
:10B0B0002E6300007463705F7265786D69743A2066
:10B0C000696E76616C6964207063620041737365B8
:10B0D0007274696F6E2022257322206661696C6527
:10B0E00064206174206C696E6520256420696E207F
:10B0F00025730A0010B5040006D119A340F2F962C5
:10B1000024A12CA0F7F70AF8206F002827D0A07EF2
:10B11000400724D42046FFF777FF00281FD1B4F85A
:10B120004810B4F86000814200D208464108A4F8F3
:10B130004A10608EB1EB400F05D24FF6FF7101EA65
:10B140004001A4F84A1089B200EB40000844A4F87A
:10B150004800608B40F0040060830020208610BD12
:10B160002E2E2F4D6964646C6577617265732F5460
:10B17000686972645F50617274792F4C7749502FFF
:10B180007372632F636F72652F7463705F6F757472
:10B190002E6300007463705F7265786D69745F661A
:10B1A0006173743A20696E76616C696420706362C1
:10B1B00000000000417373657274696F6E20222570
:10B1C0007322206661696C6564206174206C696E0D
:10B1D0006520256420696E2025730A0010B50400DF
:10B1E00006D109A340F2AD6214A11BA0F6F796FFA9
:10B1F000204600F09BF8002804D12046BDE810400E
:10B2000000F03EB810BD00002E2E2F4D6964646C16
:10B210006577617265732F54686972645F506172FB
:10B2200074792F4C7749502F7372632F636F726557
:10B230002F7463705F6F75742E6300007463705FAA
:10B240007265786D69745F72746F3A20696E7661A9
:10B250006C69642070636200417373657274696F16
:10B260006E2022257322206661696C6564206174FA
:10B27000206C696E6520256420696E2025730A00A4
:10B2800010B5040006D109A34FF4D36214A11DA088
:10B29000F6F744FF94F84200FF2802D2401C84F8DD
:10B2A00042002046BDE81040FDF7BCBE2E2E2F4DBB
:10B2B0006964646C6577617265732F546869726440
:10B2C0005F50617274792F4C7749502F7372632FDE
:10B2D000636F72652F7463705F6F75742E63000007
:10B2E0007463705F7265786D69745F72746F5F63A9
:10B2F0006F6D6D69743A20696E76616C6964207057
:10B3000063620000417373657274696F6E20222559
:10B310007322206661696C6564206174206C696EBB
:10B320006520256420696E2025730A002DE9F0410F
:10B33000040006D11BA340F2636227A12FA0F6F7F9
:10B34000EDFE256F6FF005065DB103E0FEF792FAA2
:10B3500038B92D68286800282846F7D1FEF78AFA00
:10B3600010B13046BDE8F081E06E28600026206F05
:10B37000C4E91B06608B40F400606083E8684068A5
:10B38000F9F7D4FA0746E8688089F9F7D1FA800717
:10B3900000D001202989384408446663E064002015
:10B3A000E0E700002E2E2F4D6964646C65776172B2
:10B3B00065732F54686972645F50617274792F4CA1
:10B3C0007749502F7372632F636F72652F746370A8
:10B3D0005F6F75742E6300007463705F7265786DC3
:10B3E00069745F72746F5F707265706172653A2024
:10B3F000696E76616C696420706362004173736585
:10B400007274696F6E2022257322206661696C65F3
:10B4100064206174206C696E6520256420696E204B
:10B4200025730A0018B1007A08B1FAF721B910465D
:10B43000F8F73ABD2DE9FF4F85B01E00DDE912791E
:10B44000DDF8508093468A4606D11AA340F2C472B2
:10B4500025A12CA0F6F762FE002F06D115A340F21D
:10B46000C57232A127A0F6F759FE002546F208045E
:10B470005046F9F75BFA1422CDE90224CDE9009891
:10B480000346002229465846FDF7A2FF04000ED0CD
:10B4900001462B4600220598FEF792F8059809B060
:10B4A0003B4632462146BDE8F04FFEF719B809B0D9
:10B4B000BDE8F08F2E2E2F4D6964646C6577617244
:10B4C00065732F54686972645F50617274792F4C90
:10B4D0007749502F7372632F636F72652F74637097
:10B4E0005F6F75742E6300007463705F7273743ADB
:10B4F00020696E76616C6964206C6F63616C5F6952
:10B5000070000000417373657274696F6E202225AC
:10B510007322206661696C6564206174206C696EB9
:10B520006520256420696E2025730A007463705FAE
:10B530007273743A20696E76616C69642072656D0D
:10B540006F74655F6970000070B5050006D10CA3CB
:10B5500040F2826216A11DA0F6F7E0FD0320F9F784
:10B560007FFE04000AD004CD95E80B0004C484E8F3
:10B570000B00241FFBF766F8204670BD002070BD4D
:10B580002E2E2F4D6964646C6577617265732F543C
:10B59000686972645F50617274792F4C7749502FDB
:10B5A0007372632F636F72652F7463702E63000074
:10B5B0007463705F7365675F636F70793A20696E5B
:10B5C00076616C6964207365670000004173736580
:10B5D0007274696F6E2022257322206661696C6522
:10B5E00064206174206C696E6520256420696E207A
:10B5F00025730A0010B5040009D0606808B1FAF795
:10B60000A3FE2146BDE810400320F9F771BD10BD2F
:10B6100010B503E00468FFF7EDFF20460028F9D1DC
:10B6200010BD00002DE9F0414FF0000704003E4638
:10B6300006D118A340F2EA7223A12BA0F6F76EFD03
:10B640000025206DF9F772F90346002229462046AD
:10B65000FDF758FE050010D0014633463A46204615
:10B66000FDF7AEFF2246231D29461046FDF738FFA1
:10B67000618B50B141F0030109E0608B40F00300A1
:10B6800060836FF00100BDE8F08121F00301618368
:10B69000F9E700002E2E2F4D6964646C65776172A6
:10B6A00065732F54686972645F50617274792F4CAE
:10B6B0007749502F7372632F636F72652F746370B5
:10B6C0005F6F75742E6300007463705F73656E64E2
:10B6D0005F656D7074795F61636B3A20696E766146
:10B6E0006C69642070636200417373657274696F82
:10B6F0006E2022257322206661696C656420617466
:10B70000206C696E6520256420696E2025730A000F
:10B7100070B5050006D113A340F2EB321EA125A09F
:10B72000F6F7FCFCEC6E0CB909E004462068002832
:10B73000FBD1E0688089F9F7FBF8400705D028467F
:10B74000BDE870400121FCF711BA0120F9F7F0F8CB
:10B75000E1688A8910438881688B40F02000688303
:10B76000002070BD2E2E2F4D6964646C6577617268
:10B7700065732F54686972645F50617274792F4CDD
:10B780007749502F7372632F636F72652F746370E4
:10B790005F6F75742E6300007463705F73656E6411
:10B7A0005F66696E3A20696E76616C6964207063C9
:10B7B00062000000417373657274696F6E20222508
:10B7C0007322206661696C6564206174206C696E07
:10B7D0006520256420696E2025730A0070B50D462A
:10B7E00004000BD0207D012806D105A340F2F3729E
:10B7F0000FA119A0F6F792FCC4F8805070BD0000AC
:10B800002E2E2F4D6964646C6577617265732F54B9
:10B81000686972645F50617274792F4C7749502F58
:10B820007372632F636F72652F7463702E630000F1
:10B83000696E76616C696420736F636B65742073E5
:10B840007461746520666F722073656E7420636125
:10B850006C6C6261636B0000417373657274696F35
:10B860006E2022257322206661696C6564206174F4
:10B87000206C696E6520256420696E2025730A009E
:10B8800070B514000D4605D011461BA0F6F746FC16
:10B89000204670BD00242048B4F1010650F8241061
:10B8A00051B1641C0A2CF9DB1CA0F6F737FC2846C2
:10B8B000FBF762FA304670BD002CF5DB40F82450EF
:10B8C00029462846FBF740FB20492846FFF746FA61
:10B8D0001F492846FFF782FF1E492846FCF760FAF9
:10B8E00004221D492846FEF76DFA21461BA0F6F7F3
:10B8F00015FC002070BD0000544350205365727643
:10B9000065723A20416363657074206572726F726C
:10B910002025640D0A000000948300205443502029
:10B920005365727665723A204D617820636C696563
:10B930006E747320726561636865642C2072656A39
:10B94000656374696E670D0A00000000D9BA0008CB
:10B9500085BB000885B90008D5BA000854435020BB
:10B960005365727665723A204E657720636C69651F
:10B970006E74205B25645D20636F6E6E6563746515
:10B98000640D0A0010B5044603A0F6F7C7FB204675
:10B99000BDE81040FAF7DABF544350205365727681
:10B9A00065723A20436C69656E74206572726F72BD
:10B9B0002025640D0A000000F8B5174C206808B176
:10B9C00016A026E0FDF728FA206088B1002642F292
:10B9D000B8252A4669460096FBF7BAFA010009D055
:10B9E00017A0F6F79BFB2068FBF714FD2660F8BD57
:10B9F0001DA00EE0FF212068FDF7C4F8206038B1DB
:10BA00002249FBF7BCF9294621A0F6F787FBF8BDD0
:10BA100028A0F6F783FBF8BD040100205443502012
:10BA20005365727665723A20416C72656164792063
:10BA3000696E697469616C697A65640D0A00000059
:10BA4000544350205365727665723A207463705F78
:10BA500062696E64206661696C65642C206572722F
:10BA60003D25640D0A000000544350205365727652
:10BA700065723A204661696C656420746F20637258
:10BA800065617465205043420D0A000081B80008CA
:10BA9000544350205365727665723A204C69737432
:10BAA000656E696E67206F6E20706F7274202564FA
:10BAB0000D0A0000544350205365727665723A2097
:10BAC0007463705F6C697374656E206661696C6520
:10BAD000640D0A000020704770B5ADF5806D15004B
:10BAE0000E4626D02C89B4F5806F01D340F2FF3486
:10BAF0000023224669462846FAF79AFB00200DF8F3
:10BB00000400694610A0F6F709FB012322466946A6
:10BB1000304600F063FD29893046FFF7C9F9284611
:10BB2000FAF712FC3046FDF77DFA0DF5806D002026
:10BB300070BD0BA0F6F7F2FA3046FAF707FF304671
:10BB4000FBF768FCF1E70000544350205365727620
:10BB5000657220526563763A2025730D0A00000055
:10BB6000544350205365727665723A20436C696580
:10BB70006E7420646973636F6E6E65637465640DC3
:10BB80000A000000002070472DE9FE4FCA4D47F61D
:10BB9000FF7B4FF4FA7AE8684FF00008401CE86039
:10BBA000A878401CA8700027AC6977E1207D0028A8
:10BBB00006D1C2A340F2BE42CCA1D7A0F6F7AEFA9E
:10BBC000207D012806D1BDA340F2BF42DCA1D2A056
:10BBD000F6F7A4FA207D0A2806D1B8A34FF498629C
:10BBE000E2A1CDA0F6F79AFAA17FA878814202D10E
:10BBF0002746E46852E1A0770026207DB14602285E
:10BC000005D194F84200062801D301269FE094F85C
:10BC100042000C281BD294F89900002841D0206FD4
:10BC2000002806D0A5A340F2D442DCA1BAA0F6F7C2
:10BC300075FAE06E002806D1A0A340F2D542E4A137
:10BC4000B5A0F6F76BFA94F89A000C2801D30126F8
:10BC500071E094F89910EC48095C94F898008842D7
:10BC600002D2401C84F89800C0B2884263D3B4F872
:10BC70006010204619B100F06FFA20B107E001F022
:10BC8000C3F8E8BB03E02046FDF7CCF9C0B384F865
:10BC9000988094F8990007284DD2401C84F89900A8
:10BCA00049E0B4F93000584501D2401C2086B4F96F
:10BCB0003000B4F9401088423DDB2046FFF736FBE8
:10BCC00018B1206FE0B9E06ED0B1207D022813D00A
:10BCD00094F842000C2800D30C20B4F93E10B4F9BB
:10BCE0003C2001EBE202C949085C02FA00F0584529
:10BCF00000DB5846A4F840004046A4F8308000E03D
:10BD000019E0B4F84820B4F860108A4200D2114615
:10BD10004A08A4F84A20618E4FF6FF7303EA4103F4
:10BD20009A4201D2A4F84A30A4F84810A4F86A0054
:10BD30002046FFF7A5FA207D062808D1A07EC00680
:10BD400005D5206AE968081A282800D9761C607A87
:10BD5000000728D5207D042801D0072823D1AC482E
:10BD6000D4F89410EB680844B0FBFAF2206A181A71
:10BD7000824203D24FF00109761C14E094F89B2014
:10BD800042F29F4312FB03F201EBC201B1FBFAF155
:10BD9000814208D22046FCF72DFD20B994F89B0083
:10BDA000401C84F89B00606F60B1206AE968081A43
:10BDB000B4F9401001EB4101B0EB410F02D3204632
:10BDC000FCF75CF9207D032802D0092807D00BE09E
:10BDD000206AE968081A282806D9761C04E0206A37
:10BDE000E968081AF028F8D8002E3DD02046D4F88B
:10BDF0009060FDF7B9FEA8695FB1844206D12FA318
:10BE000040F26D5283A144A0F6F788F9E068F8602B
:10BE10000AE0A04206D029A340F2715288A13EA0B8
:10BE2000F6F77CF9E068A861B9F1000F0AD0228B1F
:10BE3000E18A201D8DE8070023461846626A216DBD
:10BE4000FFF7F8FA2046D4F81090E468FCF730F8D1
:10BE500085F8008016B36FF00C014846B04728788B
:10BE600000287FF4A0AE19E02746E468387F401C24
:10BE7000C0B23877797F884210D387F81C8085F864
:10BE80000080D7F88C2032B139463869904729783C
:10BE90000029E6D110B93846FDF7C4F8002C7FF42C
:10BEA00085AE0026EC6912E1207D0A2803D003A3A9
:10BEB00040F2A152DAE0DEE0940000202E2E2F4D59
:10BEC0006964646C6577617265732F546869726424
:10BED0005F50617274792F4C7749502F7372632FC2
:10BEE000636F72652F7463702E6300007463705FFC
:10BEF000736C6F77746D723A206163746976652034
:10BF00007063622D3E737461746520213D20434C43
:10BF10004F5345440A000000417373657274696FA2
:10BF20006E2022257322206661696C65642061742D
:10BF3000206C696E6520256420696E2025730A00D7
:10BF40007463705F736C6F77746D723A20616374A1
:10BF5000697665207063622D3E737461746520217B
:10BF60003D204C495354454E0A0000007463705FF5
:10BF7000736C6F77746D723A2061637469766520B3
:10BF80007063622D3E737461746520213D205449B5
:10BF90004D452D574149540A000000007463705FFD
:10BFA000736C6F7774696D723A2070657273697320
:10BFB00074207469636B696E67207769746820699F
:10BFC0006E2D666C6967687420646174610000009E
:10BFD0007463705F736C6F7774696D723A2070650B
:10BFE0007273697374207469636B696E6720776913
:10BFF000746820656D7074792073656E6420627555
:10C0000066666572000000007FD30008B4D30008A4
:10C01000B84C0A007463705F736C6F77746D723A1A
:10C02000206D6964646C652074637020213D207408
:10C0300063705F6163746976655F7063627300004B
:10C040007463705F736C6F77746D723A2066697297
:10C05000737420706362203D3D207463705F616380
:10C06000746976655F706362730000001AA1AFF2B5
:10C070005810F6F753F8216AE868401AF02812D9E8
:10C080002046FDF771FDE86986B1844208D1AFF220
:10C09000D41340F2AF521CA1AFF28410F6F73EF871
:10C0A000E068F0600FE02646E46810E0A04208D0A7
:10C0B000AFF2F81340F2B3521DA1AFF2A410F6F79D
:10C0C0002DF8E068E8612046E468FBF7F1FE002CFB
:10C0D0007FF4EAAEBDE8FE8F7463705F736C6F77B8
:10C0E000746D723A2054494D452D57414954207082
:10C0F00063622D3E7374617465203D3D2054494D4B
:10C10000452D5741495400007463705F736C6F771D
:10C11000746D723A206D6964646C6520746370207C
:10C12000213D207463705F74775F706362730000F9
:10C130007463705F736C6F77746D723A20666972A6
:10C14000737420706362203D3D207463705F747768
:10C150005F706362730000002DE9F84F0F46050021
:10C1600006D157A340F24B3262A16BA0F5F7D6FF80
:10C17000EC6E002C7ED0002F10D02089B8427AD9E6
:10C18000688EB84206D24EA340F25B326CA162A028
:10C19000F5F7C4FF208900280BD011E048A340F236
:10C1A00053326BA15CA0F5F7B9FF6FF00500BDE855
:10C1B000F88F43A34FF457726EA157A0F5F7AEFF67
:10C1C00094F80AB05FEACB7001D0042600E00026A4
:10C1D00020894FF42072C01B1FFA80F808EB06007C
:10C1E00081B23620F9F7B6FC5FEA000A65D06068D4
:10C1F00022890189891A39448BB2DAF8041042463F
:10C200003144FAF715F8404554D1E0688089F8F7D1
:10C210008FFB00F03F064FF00009300703D526F0F2
:10C2200008064FF00809F00703D026F0010649F090
:10C230000109E0684068F8F779FBC3194A4651469E
:10C240002846CDF800B0FBF775FB070032D06068D8
:10C25000F9F7A6FE35F8661F081A2880606802897B
:10C26000A2EB080189B2FAF753F92189A1EB080082
:10C27000208101E021E01BE03046F8F759FBE1683E
:10C280008A89104388816068F9F78AFE2988084402
:10C2900028807868F9F784FE2988084425F866091B
:10C2A000206838602760386810B90020A5F8680059
:10C2B00000207CE75046FAF747F84FF0FF3076E76A
:10C2C0002E2E2F4D6964646C6577617265732F54EF
:10C2D000686972645F50617274792F4C7749502F8E
:10C2E0007372632F636F72652F7463705F6F757401
:10C2F0002E6300007463705F73706C69745F756E99
:10C3000073656E745F7365673A20696E76616C69F8
:10C310006420706362000000417373657274696F1A
:10C320006E2022257322206661696C656420617429
:10C33000206C696E6520256420696E2025730A00D3
:10C3400073706C6974203C3D206D737300000000B5
:10C3500043616E27742073706C6974207365676D18
:10C36000656E7420696E746F206C656E67746820EA
:10C3700030000000757365672D3E6C656E203E20B1
:10C38000300000000848816800290CD10749084A9C
:10C3900009681268114306D0012181600022054915
:10C3A000FA20FAF721BB7047D8000020AC0000202B
:10C3B000B000002049CF00083EB51D4C054620784E
:10C3C000400722D4002D06D11AA340F2EE2226A166
:10C3D0002DA0F5F7A3FE2078810717D5696A60695B
:10C3E000421A18D42A8D1144411A002913DCE1683D
:10C3F0002F4B0A8849880093CDE9011261891B1DE2
:10C4000042182846A169FFF715F83EBDC00702D0C3
:10C4100028480068286260890028F6D0688B40F0C0
:10C42000020068832846BDE83E40FCF7FBBD0000E3
:10C43000B40000202E2E2F4D6964646C6577617204
:10C4400065732F54686972645F50617274792F4C00
:10C450007749502F7372632F636F72652F74637007
:10C460005F696E2E630000007463705F74696D65B0
:10C47000776169745F696E7075743A20696E766170
:10C480006C69642070636200417373657274696FD4
:10C490006E2022257322206661696C6564206174B8
:10C4A000206C696E6520256420696E2025730A0062
:10C4B000684D0020A000002010B5FBF7C3FC054824
:10C4C0004178491C4170C80703D0BDE81040FFF710
:10C4D0005BBB10BD940000200248417841F0100180
:10C4E00041707047B400002070B5040006D115A358
:10C4F00040F2A6321FA128A0F5F710FE258D626A32
:10C50000638E51194FF48666E06AB34200D9334610
:10C510000344CB1A02D46585081A70BD111A00298C
:10C5200002DD002060850BE0851AB5F5803F06D35B
:10C5300004A340F2B63222A117A0F5F7EFFD6585FE
:10C54000002070BD2E2E2F4D6964646C657761727A
:10C5500065732F54686972645F50617274792F4CEF
:10C560007749502F7372632F636F72652F746370F6
:10C570002E6300007463705F7570646174655F7230
:10C5800063765F616E6E5F776E643A20696E766186
:10C590006C69642070636200417373657274696FC3
:10C5A0006E2022257322206661696C6564206174A7
:10C5B000206C696E6520256420696E2025730A0051
:10C5C0006E65775F7263765F616E6E5F776E642013
:10C5D0003C3D203078666666660000002DE9FF4F1E
:10C5E0004FF0000B8DB01746CDF80CB0CDF818B059
:10C5F00005005C465E46CDF824B0CDF82CB0ADF811
:10C6000020B0D9466FF00F08CDF828B007D0688E5B
:10C61000B5F86210B0EB510F06D2014605E0EEA36B
:10C620004FF4CF72F9A147E0490801B108460590DF
:10C630000E9800283CD01146284600F02BFB00281D
:10C640003ED1B5F866A00490E86E00287ED004467E
:10C6500000680028FBD1A07AC00700D004208046E3
:10C66000218905984144814206D9DBA34FF4F37236
:10C67000ECA1F2A0F5F752FD218905984144401A3A
:10C680001FFA80F8B5F86800ADF8200000282FD018
:10C69000404506D9D0A34FF4FC72F2A1E7A0F5F70C
:10C6A0003DFD0394BDF82010B9420CD20A460BE0C0
:10C6B000C9A340F2AD12F3A1E0A0F5F72FFD40466B
:10C6C00011B0BDE8F08F3A464046424504D8B94221
:10C6D00001D2084600E03846814606EB090086B2E2
:10C6E000A1EB0900ADF82000A8EB09001FFA80F8C3
:10C6F000BDF8200040B1BE4206D0B7A34FF400728F
:10C70000EDA1CEA0F5F70AFDBE4263D2B8F1000F4D
:10C7100060D020890028FBD0B81B4146404500DD91
:10C72000084680B2079010980394C00718D00121E2
:10C7300010980095CDE9010108AB42460020079909
:10C74000FDF76AF95FEA000B6CD000E037E00E9865
:10C75000079A8119DBF80400F3F77CFD584626E0C0
:10C76000606800E0084601680029FBD1017B890967
:10C7700010D14168408901440E9881420AD136B1F6
:10C7800095A340F23122D4A1ACA0F5F7C7FC0798DD
:10C790000A9011E0012200200799F9F7DBF95FEA1E
:10C7A000000BD1D00E9881195846CBF80410F9F738
:10C7B000F7FB50441FFA80FA0798304495E0B5F82B
:10C7C00068000028A4D084A340F24A22CDA19BA0F7
:10C7D000F5F7A4FC8AE0B81B81B2DDE90420801AD9
:10C7E00080B2814200D2084680461098C0072AD005
:10C7F0000998002825D0002110980095CDE9010165
:10C8000008EB020081B208AB3620059AFDF704F967
:10C810000190002898D04189414508D26EA340F28A
:10C82000662200E006E2C3A184A0F5F777FC0E982B
:10C83000811901984268049810444246F3F70AFDB2
:10C8400022E00121D8E7BDF8200030B162A340F218
:10C850007122C8A179A0F5F761FC0122414636207A
:10C86000F9F778F9009000289BD00E984FF42072C9
:10C8700081190098416036200499F9F76BF901900D
:10C8800078B10099F9F7F4FA0198F9F789FB504467
:10C890001FFA80FABAF1090F05D90198F9F754FD8A
:10C8A000C8E10098FAE70B980090E86D0022831920
:10C8B00028460199FBF73EF803900028F0D009982C
:10C8C00010B1069818B109E00398099009E042A355
:10C8D00040F2AB22ABA159A0F5F720FC06980399D2
:10C8E00001600398069006EB080086B2BE42FFF492
:10C8F00072AFB9F1000F19D0666811E0318901EB10
:10C9000009003081306850B9718970684A4608441E
:10C910000E99F3F79FFC718901EB0900708136686D
:10C92000002EEBD1218901EB09002081BDF8200008
:10C93000A5F86800BBF1000F0FD034B926A34FF45F
:10C94000387295A13DA0F5F7E9FB59466068F9F703
:10C950008FFA2189BBF808001FE00A98F8B10CB1E2
:10C96000606830B91CA340F2E62299A133A0F5F724
:10C97000D5FB606804E003890A9A1A4402810846DC
:10C9800001680029F7D102890A991144018142897D
:10C990000A991144418121890A9808442081099803
:10C9A00084B12060E86D3844E865B5F86400C01BC8
:10C9B000A5F864005FEA0A00A5F8660001D0286FB8
:10C9C00010B126E1E866EDE7E86E18B902A340F27F
:10C9D000123219E11DE100002E2E2F4D6964646CA6
:10C9E0006577617265732F54686972645F50617214
:10C9F00074792F4C7749502F7372632F636F726570
:10CA00002F7463705F6F75742E6300007463705FC2
:10CA100077726974653A20696E76616C696420701A
:10CA2000636200006D73735F6C6F63616C20697388
:10CA300020746F6F20736D616C6C000041737365BF
:10CA40007274696F6E2022257322206661696C659D
:10CA500064206174206C696E6520256420696E20F5
:10CA600025730A00696E636F6E73697374656E7403
:10CA7000206F76657273697A652076732E207370E5
:10CA8000616365007463705F77726974653A2061F1
:10CA90007267203D3D204E554C4C202870726F67C8
:10CAA00072616D6D65722076696F6C61746573205B
:10CAB0004150492900000000696E636F6E7369730D
:10CAC00074656E74206F76657273697A652076730B
:10CAD0002E206C656E0000007463705F777269745D
:10CAE000653A20524F4D2070627566732063616E07
:10CAF0006E6F74206265206F76657273697A656403
:10CB000000000000756E73656E745F6F76657273FA
:10CB1000697A65206D69736D61746368202870633C
:10CB2000622D3E756E73656E74206973204E554C90
:10CB30004C2900007463705F77726974653A2063F2
:10CB40006865636B20746861742066697273742011
:10CB5000706275662063616E20686F6C6420746813
:10CB60006520636F6D706C657465207365676C65B7
:10CB70006E0000006F76657273697A65203D3D2016
:10CB800030000000707265765F73656720213D207C
:10CB90004E554C4C000000007463705F77726974EE
:10CBA000653A2063616E6E6F7420636F6E636174AB
:10CBB000656E617465207768656E207063622D3ED6
:10CBC000756E73656E7420697320656D707479007D
:10CBD0007463705F77726974653A20657874656E06
:10CBE00073696F6E206F66207265666572656E632D
:10CBF000652072657175697265732072656665720C
:10CC0000656E6365000000001AA1AFF2D010F5F761
:10CC100085FA039860B1C06850B11098800707D4B6
:10CC20000820F7F785FE0399C9688A89104388812F
:10CC3000002045E5688B40F080006883BBF1000070
:10CC400001D0F9F781FB099808B1FEF7E1FCB5F8CE
:10CC5000660060B1286F50B9E86E40B9AFF2882322
:10CC600040F2273203A1AFF22C20F5F757FA4FF02C
:10CC7000FF3025E57463705F77726974653A2076DA
:10CC8000616C6964207175657565206C656E67748B
:10CC90006800000070B50D46040006D11FA340F2E5
:10CCA00033122BA132A0F5F739FA207D042808D0E1
:10CCB000072806D0022804D0032802D06FF00A000B
:10CCC00070BD002D27D0B4F864004FF0FF31A842AA
:10CCD00003D3B4F86600092805D3608B40F08000C8
:10CCE0006083084670BD0028206F09D0002812D14B
:10CCF000E06E00280FD109A340F2551226A107E0EB
:10CD000010B9E06E002806D004A34FF4AC7231A134
:10CD100017A0F5F703FA002070BD00002E2E2F4D4E
:10CD20006964646C6577617265732F5468697264B5
:10CD30005F50617274792F4C7749502F7372632F53
:10CD4000636F72652F7463705F6F75742E6300007C
:10CD50007463705F77726974655F636865636B7332
:10CD60003A20696E76616C6964207063620000002D
:10CD7000417373657274696F6E2022257322206679
:10CD800061696C6564206174206C696E652025643E
:10CD900020696E2025730A007463705F777269746E
:10CDA000653A207062756673206F6E2071756575C7
:10CDB00065203D3E206174206C65617374206F6E48
:10CDC00065207175657565206E6F6E2D656D70746B
:10CDD000790000007463705F77726974653A206E41
:10CDE0006F207062756673206F6E20717565756552
:10CDF000203D3E20626F74682071756575657320F3
:10CE0000656D7074790000002DE9F04704004FF063
:10CE1000000906D12CA340F64F0238A140A0F5F737
:10CE20007DF9E56E35B394F89A00FF2802D2401CD4
:10CE300084F89A00E8688089F7F77AFDC00701D086
:10CE40002889D0B100260122E86849464368204677
:10CE5000FCF758FA5FEA000812D0D8F804100F4621
:10CE60008EB11120F7F764FDB98921F47C51084394
:10CE7000B88111E00020BDE8F08701260022E3E739
:10CE80004FF0FF30F7E768682B8914310289D21A16
:10CE900093B20122F9F7CCF9E8684068F7F746FD4C
:10CEA000216D401C091A00D520654B4600224146E1
:10CEB0002046FCF785FB2246231D4146BDE8F0478E
:10CEC0001046FCF70DBB00002E2E2F4D6964646CDC
:10CED0006577617265732F54686972645F5061721F
:10CEE00074792F4C7749502F7372632F636F72657B
:10CEF0002F7463705F6F75742E6300007463705FCE
:10CF00007A65726F5F77696E646F775F70726F6258
:10CF1000653A20696E76616C696420706362000016
:10CF2000417373657274696F6E20222573222066C7
:10CF300061696C6564206174206C696E652025648C
:10CF400020696E2025730A0010B5FFF7B5FA08486E
:10CF5000084900680968084306D00022BDE810406F
:10CF60000549FA20F9F740BD04490020886010BD4A
:10CF7000AC000020B000002049CF0008D8000020FD
:10CF800010B5F3F755F90349C0F30D0000F5404023
:10CF9000088010BDE40000202DE9F04F87B08946DD
:10CFA000070005D14AA3CF2255A15BA0F5F7B6F83B
:10CFB000B9F1000F05D146A3D02261A156A0F5F723
:10CFC000ADF8788908287CD3644D7C682968686945
:10CFD000F6F742FB02902088F7F7AAFC00906088E1
:10CFE000F7F7A6FCDFF878B100268246B046DBF8FA
:10CFF000044032E0618A51452DD149462046029ACB
:10D0000000F0BEF838B3207C400711D4B8F1000F0F
:10D010000DD0029860B16869401C09D1D8F80010A1
:10D02000D9F80400814203D02168814200D1A04692
:10D03000A18A009881420ED1606810B129698842A6
:10D0400009D136B1E068F060DBF80410E160CBF89C
:10D05000044024B10BE02646E468002CCAD15FEA04
:10D06000080404D1D9F804006969884229D108214B
:10D070003846F9F72DFB38B115A34FF4B87239A132
:10D0800025A0F5F74BF81CE054B1A569CDB1334BA1
:10D090003A4610332146E069A84707B0BDE8F08F53
:10D0A000029870B9287DC0F303100E2809D0A88912
:10D0B000083001B23846F9F713FA03213846F6F77B
:10D0C00047F907B03846BDE8F04FF9F73DB9000021
:10D0D0002E2E2F4D6964646C6577617265732F54D1
:10D0E000686972645F50617274792F4C7749502F70
:10D0F0007372632F636F72652F7564702E63000007
:10D100007564705F696E7075743A20696E76616CD3
:10D110006964207062756600417373657274696F2B
:10D120006E2022257322206661696C65642061741B
:10D13000206C696E6520256420696E2025730A00C5
:10D140007564705F696E7075743A20696E76616C93
:10D150006964206E6574696600000000584D002007
:10D16000E4000020706275665F72656D6F76655FC2
:10D17000686561646572206661696C65640A0000B7
:10D1800070B516460D46040005D116A3872221A1CD
:10D1900029A0F4F7C3FF002D05D112A3882230A1E6
:10D1A00025A0F4F7BBFF217A374831B1426892F8E5
:10D1B0003020521CD2B2914212D14EB174B12168CA
:10D1C00061B14069421C09D0AA681140104003E0D7
:10D1D00024B1216811B14069814201D1012070BDA3
:10D1E000002070BD2E2E2F4D6964646C65776172CE
:10D1F00065732F54686972645F50617274792F4C43
:10D200007749502F7372632F636F72652F75647047
:10D210002E6300007564705F696E7075745F6C6F6B
:10D2200063616C5F6D617463683A20696E76616CEE
:10D230006964207063620000417373657274696F82
:10D240006E2022257322206661696C6564206174FA
:10D25000206C696E6520256420696E2025730A00A4
:10D260007564705F696E7075745F6C6F63616C5F1D
:10D270006D617463683A20696E76616C6964206ED2
:10D280006574696600000000584D002010B5002844
:10D2900013D00268002A10D000290ED00A68002A94
:10D2A0000BD0064A526806E013680468A34201D115
:10D2B0000B681360D268002AF6D110BDE40000208C
:10D2C0000000000000000000010203040607080936
:10D2D000000000000102030420060C005801002099
:10D2E00034000020FFFFFFFFFFFF000000000000F0
:10D2F00020000400C3530020600000209C000500B3
:10D3000046540020640000201C00080055570020EF
:10D310006800002010001000385800206C00002029
:10D32000200005003B5900207000002018000F006D
:10D33000DE5900207400002010000300495B00202B
:10D3400078000020100010007C5B00207C00002092
:10D35000600210007F5C002080000020F0D20008F6
:10D36000FCD2000808D3000814D3000820D300081A
:10D370002CD3000838D3000844D3000850D3000849
:10D3800003060C18306078009CD40008C4D4000850
:10D39000E4D40008A4D4000890D4000878D400088D
:10D3A00084D40008D8D40008B0D40008B8D4000849
:10D3B000CCD4000801020304050607070707070786
:10D3C00007000000A8000020A4000020AC000020FE
:10D3D000B0000020FA000000B9C40008E803000013
:10D3E000C5460008E8030000BD2E0008000000004C
:10D3F0000040404040404040404041414141414068
:10D40000404040404040404040404040404040401C
:10D4100040050202020202020202020202020202AB
:10D4200002202020202020202020200202020202B0
:10D430000202909090909090101010101010101008
:10D440001010101010101010101010100202020214
:10D450000202888888888888080808080808080858
:10D460000808080808080808080808080202020254
:10D4700040000000F1D3000846494E5F574149542F
:10D480005F31000046494E5F574149545F3200000A
:10D4900045535441424C495348454400434C4F5333
:10D4A0004544000053594E5F52435644000000006B
:10D4B000434C4F53494E47004C4153545F41434BFB
:10D4C000000000004C495354454E000054494D455E
:10D4D0005F57414954000000434C4F53455F57414B
:10D4E0004954000053594E5F53454E54000000000C
:10D4F0007463705F656E71756575655F666C616795
:10D50000733A206E6565642065697468657220549D
:10D5100043505F53594E206F72205443505F464929
:10D520004E20696E20666C616773202870726F6789
:10D5300072616D6D65722076696F6C6174657320C0
:10D5400041504929000000006E657469662D3E68EF
:10D5500077616464725F6C656E206D7573742062B0
:10D5600065207468652073616D6520617320455482
:10D57000485F4857414444525F4C454E20666F72A5
:10D58000206574686172702100000000ACD500084D
:10D59000000000201001000090210008BCD6000807
:10D5A00010010020B0860000A0210008000000004B
:10D5B000000000000000000001000000100000005A
:10D5C000000000000024F40000000000C104000876
:10D5D000B7040008ED040008D1040008BB040008EB
:10D5E000000000000000000000000000000000003B
:10D5F000000000000000000000000000000000002B
:10D60000000000000000000000000000000000001A
:10D61000000000000000000000000000000000000A
:10D6200000000000000000000000000000000000FA
:10D6300000000000000000000000000000000000EA
:10D640000000000000C000006E1900000000000093
:10D6500000000000000000000000000000000000CA
:10D6600000000000000000000000000000000000BA
:10D6700000000000000000000000000000000000AA
:10D68000000000000000000000000000000000009A
:10D6900000C00000000000000000000000000000CA
:10D6A000000000000000000000000000000000007A
:0CD6B0000000000000000000000000006E
:040000050800018965
:00000001FF
